"player","position","season","Team","GP","TOI_all","TOI_EV","TOI_PP","TOI_SH","EV_GAR","PP_GAR","SH_GAR","Pens_GAR","GAR","WAR"
"AARON.GAGNON","F","20102011","DAL",19,153.2,143,2.1,6.8,-0.3,0,-0.1,0.1,-0.3,-0.1
"AARON.ROME","D","20102011","VAN",56,975,837.5,22.2,98.8,-2.9,1.3,0.6,-1.4,-2.4,-0.5
"AARON.VOLPATTI","F","20102011","VAN",15,102.5,97.3,5,0,-0.6,0.1,0,-0.3,-0.8,-0.2
"AARON.VOROS","F","20102011","ANA",12,66.5,66.3,0,0,-0.2,0,0,-0.3,-0.4,-0.1
"ADAM.BURISH","F","20102011","DAL",63,903.9,750.1,10.6,122.9,3.2,-0.2,-0.1,-0.8,2.2,0.4
"ADAM.CRACKNELL","F","20102011","STL",24,214.2,206.5,0.8,5.4,1.8,0,0,-0.4,1.4,0.3
"ADAM.FOOTE","D","20102011","COL",47,842.4,695.6,6.7,132.9,-0.8,-0.1,-1.7,0.7,-1.9,-0.4
"ADAM.HALL","F","20102011","T.B",82,1217.5,953.3,13.9,227.4,-0.7,0.1,-0.3,2.8,1.8,0.3
"ADAM.MAIR","F","20102011","N.J",65,590.3,551.1,5.3,25.6,-4.2,-0.1,-0.5,0,-4.8,-0.9
"ADAM.MCQUAID","D","20102011","BOS",67,987.3,891.8,4.2,95.7,9,0,0.8,0.6,10.4,2
"ADAM.PARDY","D","20102011","CGY",30,440.6,413.1,6.9,18.4,4.5,0.1,0.2,-0.2,4.6,0.9
"ADRIAN.AUCOIN","D","20102011","ARI",75,1624.6,1316,64.7,222,3.8,-0.8,0.5,-1.2,2.2,0.4
"ALEC.MARTINEZ","D","20102011","L.A",60,911.1,803.5,105.3,4.5,8.4,-1.6,0.1,-0.1,6.8,1.3
"ALES.HEMSKY","F","20102011","EDM",47,859.1,649.7,144.4,35.7,2.4,-1.5,-0.6,1.3,1.5,0.3
"ALES.KOTALIK","F","20102011","CGY",26,321.7,281.2,36.4,0.5,-2.3,0.2,0,0.1,-2,-0.4
"ALEX.BOLDUC","F","20102011","VAN",24,178.4,163.2,3.5,11.2,-0.3,0,0.1,0.4,0.2,0
"ALEX.BURMISTROV","F","20102011","ATL",74,978,863.8,22.1,84.3,-1.4,-0.9,-0.4,3,0.4,0.1
"ALEX.BURROWS","F","20102011","VAN",72,1226.3,966.6,73.2,160.7,5.7,0.9,1.2,0.7,8.5,1.6
"ALEX.EDLER","D","20102011","VAN",51,1237.8,907.3,192.1,109.2,7.8,2.7,-2.6,0.5,8.3,1.6
"ALEXEI.PONIKAROVSKY","F","20102011","L.A",61,768.5,648.2,56.6,59.1,2.8,0.8,-0.4,-0.7,2.5,0.5
"ALEX.FROLOV","F","20102011","NYR",43,620.4,513.1,97.5,1.9,0.8,-0.5,0,0.2,0.5,0.1
"ALEX.GIROUX","F","20102011","EDM",8,118.1,90.1,25.7,0,0.2,-0.8,0,0.8,0.2,0
"ALEX.GOLIGOSKI","D","20102011","DAL",23,599.6,438.1,98.2,38.3,0.8,-0.3,-1.3,1,0.1,0
"ALEX.GOLIGOSKI","D","20102011","PIT",60,1245.9,931.8,231.9,70.6,10.5,2.6,0.9,0.9,14.8,2.8
"ALEX.KOVALEV","F","20102011","OTT",54,878.1,731.3,125.6,9.3,-4.9,0.9,0,-0.1,-4,-0.8
"ALEX.KOVALEV","F","20102011","PIT",20,343.4,267.4,73.6,0.6,1,-1.8,0,-0.8,-1.6,-0.3
"ALEX.OVECHKIN","F","20102011","WSH",78,1667.7,1280.1,346.4,2.8,9.8,0.6,0,4.8,15.1,2.9
"ALEX.PICARD","D","20102011","MTL",43,706.4,634.6,44.2,24.9,6.1,0.7,-0.4,1.1,7.5,1.4
"ALEX.PIETRANGELO","D","20102011","STL",79,1738.1,1317.3,235.1,156.5,15.1,0.9,1.5,3.3,20.9,4
"ALEX.SEMIN","F","20102011","WSH",65,1160.5,873.5,203.6,62.5,14,0.3,-0.1,-1.7,12.5,2.4
"ALEX.STEEN","F","20102011","STL",72,1404.2,1081.2,221.7,68.4,3.9,-0.5,0.1,3.6,7.1,1.4
"ALEX.SULZER","D","20102011","FLA",9,153,140.1,5.2,6.8,-0.6,0,0,0.7,0.1,0
"ALEX.SULZER","D","20102011","NSH",31,541.8,464.9,38.9,43,-3.4,-0.4,0.3,0.6,-2.9,-0.6
"ALEX.TANGUAY","F","20102011","CGY",79,1560.4,1141.2,283.4,100.7,12.3,1.9,-0.9,1,14.3,2.7
"ALEX.URBOM","D","20102011","N.J",8,100.6,96.5,1.5,2.3,-0.6,0,0,0.5,0,0
"ALEX.VASYUNOV","F","20102011","N.J",18,206.6,201.3,1.3,0.2,2.1,0,0,0.6,2.7,0.5
"ANDREAS.LILJA","D","20102011","ANA",52,906.5,717.8,1.7,181.3,-6.2,0,1.2,-0.6,-5.5,-1.1
"ANDREAS.NODL","F","20102011","PHI",67,889.3,818.7,16.9,39.2,-1.2,0.2,0.5,1.3,0.7,0.1
"ANDRE.BENOIT","D","20102011","OTT",8,126.3,115.5,14.2,1.3,0.6,0.2,0,-0.2,0.5,0.1
"ANDREI.KOSTITSYN","F","20102011","MTL",81,1272.7,1090.6,183,0.9,0.1,0.5,0,-1.7,-1.1,-0.2
"ANDREI.LOKTIONOV","F","20102011","L.A",19,280.4,230.9,48.9,0,0.4,0.4,0,0.1,0.8,0.2
"ANDREI.MARKOV","D","20102011","MTL",7,160.4,117.5,25,14.3,1.1,-0.2,0.2,0.3,1.3,0.3
"ANDREJ.MESZAROS","D","20102011","PHI",81,1710.4,1324.5,197.5,165.3,8.8,-1.3,-1.3,-0.1,6.2,1.2
"ANDREJ.SEKERA","D","20102011","BUF",76,1594.7,1287.9,157.5,138.4,6.9,-1.5,2.1,2.8,10.3,2
"ANDREW.ALBERTS","D","20102011","VAN",42,635.7,554.5,4.3,64,1.2,0,0.3,-1.1,0.3,0.1
"ANDREW.BRUNETTE","F","20102011","MIN",82,1377.6,1098.4,249.3,1,1.1,3.3,0,2.3,6.7,1.3
"ANDREW.COGLIANO","F","20102011","EDM",82,1413.8,1099.8,73.9,220.8,-3.3,2,-0.4,0.2,-1.6,-0.3
"ANDREW.DESJARDINS","F","20102011","S.J",17,121.4,115.8,0.9,4.4,0.6,0,0,-0.3,0.3,0
"ANDREW.EBBETT","F","20102011","ARI",33,330.5,297.2,0.4,32.1,-1.5,0,-0.6,0.5,-1.6,-0.3
"ANDREW.FERENCE","D","20102011","BOS",70,1258.5,1099.2,24.6,128.2,4.9,0.5,0.6,2,8,1.5
"ANDREW.GORDON","F","20102011","WSH",9,78,71.4,6.6,0,0.8,0.1,0,0.1,1,0.2
"ANDREW.HUTCHINSON","D","20102011","PIT",5,76.5,64,11.1,1.2,-0.5,0.1,0,-0.5,-0.9,-0.2
"ANDREW.LADD","F","20102011","ATL",81,1624.2,1198,242.4,150.1,4.9,2.6,-1,0,6.4,1.2
"ANDREW.MACDONALD","D","20102011","NYI",60,1404.9,1062.3,180.8,142.6,5.4,2.8,-1.1,1.3,8.4,1.6
"ANDREW.MURRAY","F","20102011","CBJ",29,330.1,287.8,1.6,38.2,1.1,0,0.6,0.6,2.3,0.4
"ANDREY.ZUBAREV","D","20102011","ATL",4,80.3,72.2,0.6,7.5,-0.1,0,0.1,-0.1,-0.1,0
"ANDY.GREENE","D","20102011","N.J",82,1833.6,1506.1,103.8,187.8,-0.8,-0.7,2.7,1.9,3,0.6
"ANDY.MCDONALD","F","20102011","STL",58,1162,891.8,192.4,52.9,7.6,1.3,1.4,-0.9,9.5,1.8
"ANDY.SUTTON","D","20102011","ANA",39,575.3,476.7,3.3,89.4,1.5,0.1,-0.4,-3.5,-2.3,-0.4
"ANSSI.SALMELA","D","20102011","N.J",48,824.5,790.1,15.4,10.7,-0.1,-0.3,0.2,0.6,0.3,0.1
"ANTHONY.STEWART","F","20102011","ATL",80,1196.5,1042,101.4,37,4,2.2,0.4,-0.4,6.2,1.2
"ANTOINE.VERMETTE","F","20102011","CBJ",82,1542.8,1158.2,236.1,117.9,3.7,-0.3,0.6,-1.6,2.5,0.5
"ANTON.BABCHUK","D","20102011","CAR",17,306.5,231.4,48,16.1,-2.9,0.8,0.1,0,-2,-0.4
"ANTON.BABCHUK","D","20102011","CGY",65,1015.6,819,156.8,25.8,7.3,1.4,0.1,0.3,9.2,1.8
"ANTON.STRALMAN","D","20102011","CBJ",51,1006.4,828.7,150.3,16.5,-3.5,1.6,0.1,1.7,0,0
"ANTON.VOLCHENKOV","D","20102011","N.J",57,1032,890.6,1.1,119.6,7.5,0,0.7,-0.9,7.3,1.4
"ANTTI.MIETTINEN","F","20102011","MIN",73,1239.3,931.4,200.3,89.6,4.3,2.6,-1.8,-1.3,3.8,0.7
"ANZE.KOPITAR","F","20102011","L.A",75,1614.2,1162.9,269.5,152.8,15.5,0,0.7,4.1,20.3,3.9
"ARRON.ASHAM","F","20102011","PIT",44,420.3,418.4,1.1,0,0.2,0,0,-0.5,-0.2,0
"ARTEM.ANISIMOV","F","20102011","NYR",82,1328,1064.4,143.3,84.2,5.3,1.4,1.3,1.9,9.8,1.9
"BARRET.JACKMAN","D","20102011","STL",60,1248.4,1068.4,2.1,167.9,2.8,0,-1,2.1,4,0.8
"BEN.EAGER","F","20102011","ATL",34,416.6,404.2,6.8,1.9,1.5,-0.1,0,-0.9,0.6,0.1
"BEN.EAGER","F","20102011","S.J",34,306.9,303.7,1,1.5,-1.7,0,0,-0.4,-2.2,-0.4
"BEN.LOVEJOY","D","20102011","PIT",47,705.1,657.4,3.7,41.7,3.8,0.1,-0.3,-0.1,3.4,0.7
"BEN.MAXWELL","F","20102011","ATL",12,143.9,130.9,2.5,8.5,-1.3,0,0.1,0.2,-1.1,-0.2
"BENN.FERRIERO","F","20102011","S.J",33,427.3,396.9,31.2,0.2,2.8,-0.3,0,0.6,3.1,0.6
"BENOIT.POULIOT","F","20102011","MTL",79,909.3,840.5,63.2,1.6,6.5,-0.4,0,-1.5,4.5,0.9
"BEN.SMITH","F","20102011","CHI",6,82.7,79.6,2.1,0.6,0.7,0,0,0,0.8,0.1
"BILL.THOMAS","F","20102011","FLA",24,204.1,197,1.3,5.2,1.5,0,0,0.3,1.7,0.3
"B.J..CROMBEEN","F","20102011","STL",80,1023.5,872.6,4.3,135,-4.7,0,-0.2,-2.4,-7.3,-1.4
"BLAIR.BETTS","F","20102011","PHI",75,783.5,502,2.1,271.1,-4.2,0,0.8,1.2,-2.2,-0.4
"BLAIR.JONES","F","20102011","T.B",18,144.2,143.5,0.4,0,0.2,0,0,0.7,0.9,0.2
"BLAKE.COMEAU","F","20102011","NYI",77,1438.8,1048.5,191,173.4,0.7,-0.3,0,-0.6,-0.2,0
"BLAKE.GEOFFRION","F","20102011","NSH",20,165.5,162.6,0.4,0.5,2.6,0,0,0.1,2.7,0.5
"BLAKE.WHEELER","F","20102011","ATL",23,434.2,348.3,49.8,28.1,2,-0.9,0.4,-0.7,0.9,0.2
"BLAKE.WHEELER","F","20102011","BOS",58,881.1,733.8,57.7,80.6,1.5,-0.7,0.1,-0.7,0.1,0
"BOBBY.BUTLER","F","20102011","OTT",36,555.5,468.4,79.6,0.6,-0.2,2,0,0.8,2.7,0.5
"BOBBY.RYAN","F","20102011","ANA",82,1654.8,1334.1,190.4,92.1,14.4,-0.6,-2,3.2,15,2.9
"BOYD.GORDON","F","20102011","WSH",60,782.9,634.1,4.5,132.5,0.5,0,0.1,-0.4,0.2,0
"BRAD.BOYES","F","20102011","BUF",21,345.9,298.5,41.1,1.1,1.6,1.2,0,-0.3,2.5,0.5
"BRAD.BOYES","F","20102011","STL",62,1064.5,877.5,158.9,3.8,2.3,-1.1,0,0.7,1.9,0.4
"BRAD.MARCHAND","F","20102011","BOS",77,1076.2,906.4,41.6,120.2,5,0.1,0.2,0,5.4,1
"BRAD.RICHARDS","F","20102011","DAL",72,1563.8,1124,381.6,24.6,7.7,1.3,-0.6,0.6,9,1.7
"BRAD.RICHARDSON","F","20102011","L.A",68,799.5,725,4,65.1,0.8,0,1.1,0.6,2.4,0.5
"BRAD.STAUBITZ","F","20102011","MIN",71,462.5,457,3,0.6,1,0,0,-2.5,-1.5,-0.3
"BRAD.STUART","D","20102011","DET",67,1442.4,1149.2,38.6,237.2,2.7,0.7,-0.6,1.6,4.4,0.8
"BRAD.WINCHESTER","F","20102011","ANA",19,198.9,176.3,22.3,0,-1.6,-0.5,0,-0.3,-2.5,-0.5
"BRAD.WINCHESTER","F","20102011","STL",57,597.9,525.7,66.9,2.6,-1.2,-0.7,0,1.1,-0.8,-0.2
"BRANDON.DUBINSKY","F","20102011","NYR",77,1555.9,1110.2,231.5,160.3,3.2,0.2,-2.1,0,1.3,0.3
"BRANDON.MASHINTER","F","20102011","S.J",13,82.9,79.9,2.5,0,-1,0,0,-0.2,-1.2,-0.2
"BRANDON.MCMILLAN","F","20102011","ANA",60,837.3,693.3,23.9,121.7,0.4,0.3,-1,-0.3,-0.6,-0.1
"BRANDON.PRUST","F","20102011","NYR",82,1132.5,952.1,23.7,139,-3.9,0.6,-0.4,1.2,-2.5,-0.5
"BRANDON.SEGAL","F","20102011","DAL",46,381.3,365.6,14.6,0.6,2.9,-0.1,0,-0.4,2.4,0.5
"BRANDON.SUTTER","F","20102011","CAR",82,1373.6,1100.6,61,187.3,3.7,-0.6,-1,2.4,4.6,0.9
"BRANDON.YIP","F","20102011","COL",71,972.5,801.7,123.2,33.6,-4.2,-1.7,-1.4,-0.4,-7.7,-1.5
"BRAYDEN.SCHENN","F","20102011","L.A",8,90,76.2,12.7,1.1,0.1,-0.1,0,0.2,0.3,0.1
"BRAYDON.COBURN","D","20102011","PHI",82,1726.9,1469.1,32.2,199.5,1.6,-0.2,2.9,-1.1,3.3,0.6
"BRENDAN.MIKKELSON","D","20102011","ANA",5,97,73.2,0.4,22.8,-1.7,0,-0.5,0.3,-1.9,-0.4
"BRENDAN.MIKKELSON","D","20102011","CGY",19,244.5,230.8,5.2,7.5,-4,0,0,0.5,-3.5,-0.7
"BRENDAN.MORRISON","F","20102011","CGY",66,1101.9,806.5,151.2,128.5,6.4,0.3,1.5,1.9,10.2,1.9
"BRENDEN.MORROW","F","20102011","DAL",82,1572.4,1166.8,306.3,59.9,6.4,2.8,0.2,0.6,10,1.9
"BRENT.BURNS","D","20102011","MIN",80,2003.8,1513.8,241.2,215.8,13.3,0.6,0.4,-1.2,13.1,2.5
"BRENT.SEABROOK","D","20102011","CHI",82,1997.1,1531.1,214.8,219.5,1.6,3.4,-2,0.8,3.9,0.7
"BRENT.SOPEL","D","20102011","ATL",59,969.6,750.5,15.1,196.5,3.6,-0.1,-1.9,1.8,3.4,0.6
"BRENT.SOPEL","D","20102011","MTL",12,190.8,156.9,0.1,33.5,0.5,0,-0.5,0.1,0.1,0
"BRETT.CARSON","D","20102011","CAR",13,140.7,127,3.5,9.4,5,0,-0.1,0.3,5.1,1
"BRETT.CARSON","D","20102011","CGY",6,76.6,72.9,1.4,1.8,1.4,0,0,0.3,1.7,0.3
"BRETT.CLARK","D","20102011","T.B",82,1548.3,1186.7,236,114.1,5.5,1,2.2,2.1,10.8,2.1
"BRETT.LEBDA","D","20102011","TOR",41,546.9,456.2,83,4.7,-4.6,-2.1,0,-0.3,-6.9,-1.3
"BRETT.MACLEAN","F","20102011","ARI",13,113.9,91.1,22.4,0,0.3,-0.4,0,0.1,0,0
"BRETT.STERLING","F","20102011","PIT",7,105.8,74.8,28.5,0.2,-0.3,0.7,0,-0.1,0.2,0
"BRIAN.BOYLE","F","20102011","NYR",82,1288,1051.1,49.4,158.9,-1.8,1.5,0.8,0.6,1.1,0.2
"BRIAN.CAMPBELL","D","20102011","CHI",65,1491.2,1225.9,130,111.2,7.3,0.4,1.3,2.8,11.7,2.2
"BRIAN.FAHEY","D","20102011","WSH",7,82.7,77.2,4.4,1,-0.1,0,0,-0.1,-0.2,0
"BRIAN.GIONTA","F","20102011","MTL",82,1608.8,1185,233.9,157.1,5.8,-0.2,-0.1,1.4,6.8,1.3
"BRIAN.LEE","D","20102011","OTT",50,864.6,750,4.4,106.2,-0.4,0,-0.1,0.3,-0.2,0
"BRIAN.RAFALSKI","D","20102011","DET",63,1286.6,1033.4,222.4,14.6,12.2,3.5,0.2,0.7,16.6,3.2
"BRIAN.ROLSTON","F","20102011","N.J",65,1143.4,857,159.6,98.5,5.4,-0.5,2.2,-0.6,6.5,1.2
"BRIAN.SUTHERBY","F","20102011","DAL",51,377.4,339.2,5.7,30.6,-3.5,0,0.3,-0.6,-3.8,-0.7
"BROOKS.LAICH","F","20102011","WSH",82,1497.6,1033.8,239.6,186.2,5.8,1.2,-2.2,-0.5,4.2,0.8
"BROOKS.ORPIK","D","20102011","PIT",63,1315.6,1058.6,6.3,234.1,-0.4,0.1,-0.2,-0.2,-0.7,-0.1
"BRUNO.GERVAIS","D","20102011","NYI",53,830.8,739.6,14.1,75.6,-3.5,-0.3,-0.4,1,-3.2,-0.6
"BRYAN.ALLEN","D","20102011","CAR",19,301.1,259,1.6,39.3,1.1,0,0,0.2,1.4,0.3
"BRYAN.ALLEN","D","20102011","FLA",53,1018,884,6,121,8.8,-0.1,-0.6,-1.4,6.8,1.3
"BRYAN.BICKELL","F","20102011","CHI",78,1079,997.1,69.8,0.2,4.5,0.8,0,1.9,7.2,1.4
"BRYAN.LITTLE","F","20102011","ATL",76,1403,1063.6,183.2,127.8,12.1,1.2,-2.2,2.6,13.7,2.6
"BRYAN.MCCABE","D","20102011","FLA",48,1008.8,761,166.4,60.8,2.6,-1.5,-0.2,0.6,1.5,0.3
"BRYAN.MCCABE","D","20102011","NYR",19,302.3,221.3,73.8,2.6,0.4,-0.2,0,0.2,0.3,0.1
"CAL.CLUTTERBUCK","F","20102011","MIN",76,1203.3,919.7,156.3,109.8,5.9,-2.2,-0.2,-0.5,3,0.6
"CAL.O'REILLY","F","20102011","NSH",38,642.3,538.7,88.1,10.6,4.8,-1.4,-0.1,1.2,4.6,0.9
"CAM.BARKER","D","20102011","MIN",52,852.9,731.5,70.6,43.9,-2.2,-2.2,0.8,0.8,-2.9,-0.6
"CAMERON.GAUNCE","D","20102011","COL",11,140.1,122.1,1.1,16.2,-1.5,0,0.3,0.3,-0.9,-0.2
"CAM.FOWLER","D","20102011","ANA",76,1681.9,1366.1,275.2,28.1,-5.2,3.6,-0.2,2.1,0.3,0.1
"CAM.JANSSEN","F","20102011","STL",54,263.2,261.7,1.1,0,-1.5,0,0,-0.9,-2.4,-0.5
"CARL.GUNNARSSON","D","20102011","TOR",68,1240.5,961.2,90.7,175.7,4,0,1.5,2.7,8.2,1.6
"CARLO.COLAIACOVO","D","20102011","STL",65,1178.8,969.6,178.3,19.9,-0.1,0.5,0.3,1.6,2.3,0.4
"CASEY.WELLMAN","F","20102011","MIN",15,159.7,143.2,14.5,1.2,-0.6,-0.1,0,-0.3,-0.9,-0.2
"CHAD.LAROSE","F","20102011","CAR",82,1297,1128.8,42.1,114.5,-3.6,0.2,-1,0.3,-4.1,-0.8
"CHRIS.BUTLER","D","20102011","BUF",49,890.2,775.1,59.1,50.8,3.8,1,-1.4,-0.7,2.7,0.5
"CHRIS.CAMPOLI","D","20102011","CHI",19,382.4,327.3,23.7,28.2,1.9,-0.5,1,0.4,2.8,0.5
"CHRIS.CAMPOLI","D","20102011","OTT",58,1076.1,911.9,72.7,97.7,4.2,-0.5,0.4,1.7,5.7,1.1
"CHRIS.CLARK","F","20102011","CBJ",53,776,620.9,41.7,106.7,-2.1,0.3,1.1,-0.4,-1,-0.2
"CHRIS.CONNER","F","20102011","PIT",60,709,671.2,36.4,0.3,5,-0.7,0,1.1,5.3,1
"CHRIS.DRURY","F","20102011","NYR",24,288.4,231.6,14.6,40.5,-0.8,-0.2,-0.6,-0.7,-2.3,-0.4
"CHRIS.HIGGINS","F","20102011","FLA",48,798.9,615.5,68.3,95.7,5.7,-2.7,-0.8,1.2,3.4,0.7
"CHRIS.HIGGINS","F","20102011","VAN",14,211.7,174.8,21.6,12.1,0.1,0.1,-0.1,-0.2,-0.1,0
"CHRIS.KELLY","F","20102011","BOS",24,356.9,300.6,6.4,45.6,-0.3,-0.1,0.5,0.1,0.3,0
"CHRIS.KELLY","F","20102011","OTT",57,891.9,711.3,9.8,156.4,1.7,-0.2,-0.9,0.9,1.4,0.3
"CHRIS.KUNITZ","F","20102011","PIT",66,1206.5,876.6,272.4,33.4,5.8,1.3,0.3,-1.2,6.2,1.2
"CHRIS.MUELLER","F","20102011","NSH",15,129.5,127,1.5,0.8,0.3,0,0,0.5,0.8,0.2
"CHRIS.NEIL","F","20102011","OTT",80,1021,971.9,39.7,0,2.4,0,0,-0.9,1.5,0.3
"CHRIS.PHILLIPS","D","20102011","OTT",82,1764.8,1440.8,14.4,286.1,-8.9,0,-2.4,1.4,-9.8,-1.9
"CHRIS.PORTER","F","20102011","STL",45,467.2,446.1,1.4,18.7,-1.4,0,-0.4,0.4,-1.5,-0.3
"CHRIS.PRONGER","D","20102011","PHI",50,1124.9,766.9,184.6,151.5,-0.9,3.2,-1,-1.9,-0.6,-0.1
"CHRIS.STEWART","F","20102011","COL",36,609.2,494.1,98.7,0.3,3.9,2.3,0,0.5,6.7,1.3
"CHRIS.STEWART","F","20102011","STL",26,474.9,384.9,76.2,2.8,2.5,1.2,0,0.3,4,0.8
"CHRIS.TANEV","D","20102011","VAN",29,399.9,380,2.2,16.5,1.3,0.1,-0.1,0.2,1.4,0.3
"CHRIS.THORBURN","F","20102011","ATL",82,1131.3,933.1,30.8,153.2,0.1,1.5,-0.6,-0.6,0.4,0.1
"CHRISTIAN.EHRHOFF","D","20102011","VAN",79,1894.9,1407.7,280.4,164.7,9,5.7,2.3,1.2,18.2,3.5
"CHRIS.VANDEVELDE","F","20102011","EDM",12,207.3,168.3,18.9,17.1,-0.8,0.9,-0.6,-0.5,-1,-0.2
"CHUCK.KOBASEW","F","20102011","MIN",63,745.8,694.6,23.9,22,-0.8,0.2,0.3,2.9,2.5,0.5
"CLARKE.MACARTHUR","F","20102011","TOR",82,1403.5,1140,235.9,1.2,4.1,0.4,0,3.1,7.5,1.4
"CLAUDE.GIROUX","F","20102011","PHI",82,1589.3,1133.1,251.2,171.2,7,2.2,0.3,5,14.5,2.8
"CLAYTON.STONER","D","20102011","MIN",57,961.2,835.1,2.6,119.7,2.7,0.1,3.2,-1.8,4.2,0.8
"CLAY.WILSON","D","20102011","FLA",15,222.6,178.2,40.7,0,5,-0.9,0,0.7,4.8,0.9
"CODY.FRANSON","D","20102011","NSH",80,1214,1046.8,150.7,9.3,5.6,-0.9,0,-0.3,4.4,0.9
"CODY.HODGSON","F","20102011","VAN",8,61.9,55.7,6.2,0,0.2,0,0,0,0.2,0
"CODY.MCCORMICK","F","20102011","BUF",81,883.4,855.6,10.2,12.7,3.5,0.1,0,-0.7,2.8,0.5
"CODY.MCLEOD","F","20102011","COL",71,694.4,640.8,12.3,35.3,-1.8,0.8,0.1,-3.9,-4.9,-0.9
"COLBY.ARMSTRONG","F","20102011","TOR",50,806.2,670.8,28.9,91.3,6.5,-1.3,-0.1,1.6,6.7,1.3
"COLIN.FRASER","F","20102011","EDM",67,684.2,497,5.1,177.6,-0.2,-0.1,-0.2,0.1,-0.4,-0.1
"COLIN.GREENING","F","20102011","OTT",24,362.1,325,11.3,21.6,3,-0.2,-0.7,0.4,2.4,0.5
"COLIN.WHITE","F","20102011","N.J",69,1301,1083.5,3.3,190.5,3.5,0,-0.1,-1.9,1.4,0.3
"COLIN.WILSON","F","20102011","NSH",82,1084.3,942.5,137.8,0.5,6.1,-1.6,0,1,5.4,1
"COLTON.GILLIES","F","20102011","MIN",7,72.6,67.7,4.4,0,-0.3,0,0,0,-0.3,-0.1
"COLTON.ORR","F","20102011","TOR",46,233.3,230.6,2.1,0.4,-0.3,0,0,-2.4,-2.6,-0.5
"COREY.PERRY","F","20102011","ANA",82,1829.7,1369.4,279.5,134,6.1,4.8,-1.9,1.6,10.6,2
"CORY.SARICH","D","20102011","CGY",76,1358.8,1194.3,5.8,141.3,4.9,0.1,2.5,-1.1,6.4,1.2
"CORY.STILLMAN","F","20102011","CAR",21,398.4,310.2,78.7,0.8,-0.6,0.3,0,0,-0.3,-0.1
"CORY.STILLMAN","F","20102011","FLA",44,700.8,558.1,127.2,0.6,4.3,1.8,0,-0.1,6,1.1
"CRAIG.ADAMS","F","20102011","PIT",80,975,715.4,2.1,244.8,-1.5,0,0.5,0.6,-0.4,-0.1
"CRAIG.CONROY","F","20102011","CGY",18,167.4,124,0.9,42,-0.4,0,0.2,0.2,-0.1,0
"CRAIG.RIVET","D","20102011","BUF",23,299.9,271.6,9.1,18.5,-2.6,0,0.2,-0.6,-2.9,-0.6
"CRAIG.RIVET","D","20102011","CBJ",14,243.1,186.7,26.3,27.8,1.2,-1,-0.7,-0.3,-0.8,-0.1
"CURTIS.GLENCROSS","F","20102011","CGY",79,1282.2,978.9,91.7,187.9,6.1,1.1,0.5,0.1,7.7,1.5
"DAINIUS.ZUBRUS","F","20102011","N.J",79,1354.1,1083.1,187.4,50.3,6.8,0.2,0.4,-0.7,6.8,1.3
"DALE.WEISE","F","20102011","NYR",10,65.1,63.9,1.2,0,-0.7,0,0,-0.4,-1.1,-0.2
"DANA.TYRELL","F","20102011","T.B",78,940.5,795.4,7.7,130.7,2,-0.1,1.8,2.1,5.8,1.1
"DAN.BOYLE","D","20102011","S.J",76,1992.1,1462.2,322.6,167.6,8.2,7.3,1.6,0.4,17.7,3.4
"DAN.CARCILLO","F","20102011","PHI",57,441.7,435.2,2.9,0.8,-6.3,0,0,-0.6,-6.8,-1.3
"DAN.GIRARDI","D","20102011","NYR",80,1965,1496.3,161.4,256.5,-5.1,1,-0.7,1.3,-3.5,-0.7
"DAN.HAMHUIS","D","20102011","VAN",64,1451.5,1129.4,100.6,198.3,2.7,0.2,2.2,1.4,6.5,1.2
"DANIEL.ALFREDSSON","F","20102011","OTT",54,1040.9,747,168.1,101.1,0.9,1.1,1,1,4,0.8
"DANIEL.BRIERE","F","20102011","PHI",77,1409,1146.1,235.8,4.8,6.2,2.9,0,0.8,9.8,1.9
"DANIEL.CLEARY","F","20102011","DET",68,1131.2,928.9,104.4,79.5,0,1.4,0,2.7,4.1,0.8
"DANIEL.PAILLE","F","20102011","BOS",43,486.1,429.2,1,54.2,2.1,0,0.4,-0.2,2.3,0.4
"DANIEL.SEDIN","F","20102011","VAN",82,1520.9,1186,294.6,8.1,11.6,5.9,0,0.1,17.6,3.4
"DANIEL.WINNIK","F","20102011","COL",80,1323.8,1056.1,26,217.1,0.3,0.4,-0.8,1.3,1.2,0.2
"DANNY.SYVRET","D","20102011","ANA",6,98.7,87.5,10.2,0.4,-0.8,-0.2,0,-0.3,-1.2,-0.2
"DAN.SEXTON","F","20102011","ANA",47,544.5,522,18.2,0.8,-0.3,0,0,1.1,0.8,0.2
"DANY.HEATLEY","F","20102011","S.J",80,1572.1,1207.8,254.2,79.8,5.4,4.8,1.2,-0.4,11.1,2.1
"DARCY.HORDICHUK","F","20102011","FLA",64,323.9,323.1,0.5,0,2,0,0,-1.6,0.3,0.1
"DARREN.HELM","F","20102011","DET",82,1091.2,830.1,4.3,250.1,3.9,0,1.8,5.5,11.2,2.1
"DARROLL.POWE","F","20102011","PHI",81,986,715.9,4.3,256.7,-2.4,0,0.5,-0.8,-2.7,-0.5
"DARRYL.BOYCE","F","20102011","TOR",46,523.6,488.1,15.5,16.4,8.9,-0.4,0.3,-0.5,8.3,1.6
"DAVE.BOLLAND","F","20102011","CHI",61,1075.3,805.9,121,129.8,5.8,1.8,-1.8,0.1,5.9,1.1
"DAVID.BACKES","F","20102011","STL",82,1615.9,1209.9,218.4,142,13.8,2.2,-0.8,-0.6,14.5,2.8
"DAVID.BOOTH","F","20102011","FLA",82,1549.7,1271.2,230.6,11.2,2.5,2.9,0.2,5.1,10.7,2.1
"DAVID.CLARKSON","F","20102011","N.J",82,1116,966,134.5,0.9,-3.8,1,0,-0.8,-3.5,-0.7
"DAVID.DESHARNAIS","F","20102011","MTL",43,552.8,431.8,80.2,38.5,1.6,2.2,1,0.6,5.4,1
"DAVID.HALE","D","20102011","OTT",25,407.8,372.5,0.4,32.8,3.1,0,0.3,0.1,3.5,0.7
"DAVID.JONES","F","20102011","COL",77,1361.1,1040.7,182.9,111.6,0.9,-1.5,0.5,-0.8,-0.8,-0.2
"DAVID.KOCI","F","20102011","COL",35,142.2,142.4,0.2,0.2,-1.3,0,0,-0.4,-1.7,-0.3
"DAVID.KREJCI","F","20102011","BOS",75,1412,1098.2,201.5,89.5,5.5,4.8,0.5,1.8,12.6,2.4
"DAVID.LEGWAND","F","20102011","NSH",64,1202.9,950.6,102,129.7,8.3,-1,-2.3,0.3,5.3,1
"DAVID.MOSS","F","20102011","CGY",58,793.8,606.1,85.2,91.3,7.3,1.2,1.1,0.3,10,1.9
"DAVID.PERRON","F","20102011","STL",10,184.2,134,44,4.5,1.9,-0.6,0,-0.2,1.2,0.2
"DAVID.SCHLEMKO","D","20102011","ARI",43,687.8,594.1,69.2,17.9,1.6,1.2,0.6,-0.3,3.1,0.6
"DAVID.STECKEL","F","20102011","N.J",18,231.1,197.9,7.8,25.2,-1.3,0,0.4,0.2,-0.6,-0.1
"DAVID.STECKEL","F","20102011","WSH",57,659,548.4,4.3,95.2,1.8,0,-1.3,0.7,1.2,0.2
"DAVIS.DREWISKE","D","20102011","L.A",38,545.4,468,11.4,64.7,1.9,-0.2,0.7,-0.1,2.3,0.4
"DENNIS.SEIDENBERG","D","20102011","BOS",81,1907.4,1528.5,177.1,178.1,-4.4,0.9,-2,1.6,-4,-0.8
"DENNIS.WIDEMAN","D","20102011","FLA",61,1461.5,1042.8,250.1,136.6,2.4,2.3,-2.6,2.1,4.2,0.8
"DENNIS.WIDEMAN","D","20102011","WSH",14,337.1,235.9,51.4,42.3,3.4,-0.4,1,-0.1,4,0.8
"DEREK.BOOGAARD","F","20102011","NYR",22,100.1,99.3,0.3,0,-0.4,0,0,-0.8,-1.3,-0.2
"DEREK.DORSETT","F","20102011","CBJ",76,1003.8,872.2,7.8,117.7,-2.4,-0.2,1,1,-0.5,-0.1
"DEREK.JOSLIN","D","20102011","CAR",17,307,239,36.3,30.1,3.6,0.6,-0.8,0.6,3.9,0.8
"DEREK.JOSLIN","D","20102011","S.J",17,212,199.2,2.6,7.9,-2,0.1,0.2,0,-1.8,-0.3
"DEREK.MACKENZIE","F","20102011","CBJ",63,683.1,550,23.6,104.6,7.3,1.1,-1,1.4,8.8,1.7
"DEREK.MORRIS","D","20102011","ARI",77,1617.7,1348.3,60.5,190.8,-8.2,0.6,-2.1,0.5,-9.3,-1.8
"DEREK.ROY","F","20102011","BUF",35,683.3,487,131.3,49.9,1.5,0.2,0.2,1.3,3,0.6
"DEREK.SMITH","D","20102011","OTT",9,137.9,131.2,5.3,0.1,1.7,0,0,0.6,2.3,0.4
"DEREK.STEPAN","F","20102011","NYR",82,1347.8,1087,188.2,35.6,7.8,-0.3,0.6,1.7,9.8,1.9
"DERICK.BRASSARD","F","20102011","CBJ",74,1260.2,1022.6,218.6,4.1,3.7,-2.1,0,-1.1,0.5,0.1
"DERYK.ENGELLAND","D","20102011","PIT",63,836.2,809,0.8,30.2,-4.6,0,0.3,-0.6,-4.9,-0.9
"DEVIN.SETOGUCHI","F","20102011","S.J",72,1094.8,938.5,139.8,1.7,4.6,0.3,0,1.9,6.8,1.3
"DION.PHANEUF","D","20102011","TOR",66,1670,1252.3,256.8,128.7,4.3,0.5,1.9,-0.3,6.4,1.2
"DJ.KING","F","20102011","WSH",16,91,90,0.9,0,1.1,0,0,0,1.1,0.2
"DMITRY.KULIKOV","D","20102011","FLA",72,1436.5,1164,186.7,61.4,6.3,-0.9,-1.7,0.1,3.9,0.7
"DOMINIC.MOORE","F","20102011","T.B",77,1200.9,949.7,69.9,160.3,2.3,0.8,0.5,0.3,3.9,0.8
"DOUG.JANIK","D","20102011","DET",7,92.5,86.2,0.2,5.5,1.2,0,0.1,0.1,1.4,0.3
"DOUGLAS.MURRAY","D","20102011","S.J",73,1431.7,1235.8,28.3,149.7,1.7,-0.6,1,1.6,3.8,0.7
"DOUG.WEIGHT","F","20102011","NYI",18,315.4,224.1,89.2,0.4,0.2,1.2,0,-0.7,0.7,0.1
"DRAYSON.BOWMAN","F","20102011","CAR",23,221.6,205.9,10.2,0.3,0.3,0,0,-0.6,-0.2,0
"DREW.DOUGHTY","D","20102011","L.A",76,1948.9,1448,314.4,153.6,14.7,1.9,-0.4,1.5,17.7,3.4
"DREW.MILLER","F","20102011","DET",67,787,629.4,5.2,148.2,2.8,0,-0.8,1.8,3.8,0.7
"DREW.STAFFORD","F","20102011","BUF",62,1025.3,800.4,181,21.2,6.7,2.8,0.4,-1.4,8.4,1.6
"DUNCAN.KEITH","D","20102011","CHI",82,2199.6,1704.9,239.1,212.3,2.1,5.1,0.6,2.4,10.2,2
"DUSTIN.BOYD","F","20102011","MTL",10,98.4,86.2,0,10.8,-1.6,0,0.1,0.1,-1.4,-0.3
"DUSTIN.BROWN","F","20102011","L.A",82,1588.1,1206.9,239.3,110.8,10.2,1,0.5,4.5,16.2,3.1
"DUSTIN.BYFUGLIEN","D","20102011","ATL",81,1887.6,1528.4,323.3,7.2,16.7,4.7,0.1,1,22.4,4.3
"DUSTIN.JEFFREY","F","20102011","PIT",25,324.4,265.5,46.2,9.4,5.1,-1.6,0,0.5,4,0.8
"DUSTIN.PENNER","F","20102011","EDM",62,1144.3,844.4,179.2,90.6,-0.5,-0.8,-1.2,-0.9,-3.4,-0.7
"DUSTIN.PENNER","F","20102011","L.A",19,323.3,253.9,64.2,0.7,-2.1,-1.6,0,0.8,-2.9,-0.6
"DWIGHT.KING","F","20102011","L.A",6,70.3,69.6,0.4,0,-0.9,0,0,0.2,-0.6,-0.1
"DYLAN.REESE","D","20102011","NYI",27,400,353.1,8.3,34,-2.5,-0.1,-0.4,0.1,-3,-0.6
"ED.JOVANOVSKI","D","20102011","ARI",50,1013.8,812.4,59.4,138.5,-5.6,-0.4,0,0.1,-5.9,-1.1
"ERIC.BELANGER","F","20102011","ARI",82,1416.7,1127.7,122.5,146.5,4.4,-0.1,0.8,2.1,7.2,1.4
"ERIC.BOULTON","F","20102011","ATL",69,616.6,610.3,5.6,1,2.3,0.1,0,0,2.4,0.5
"ERIC.BREWER","D","20102011","STL",54,1200.8,982.3,31.6,170.3,-0.2,-1,0.3,-0.8,-1.6,-0.3
"ERIC.BREWER","D","20102011","T.B",22,474.6,390.2,11.9,66.1,1.3,0,0.7,0.4,2.4,0.5
"ERIC.FEHR","F","20102011","WSH",51,643.4,541.3,99.3,0,-0.2,1.1,0,0.3,1.3,0.3
"ERIC.GODARD","F","20102011","PIT",19,98.3,97.5,0.4,0.2,2.3,0,0,-0.9,1.3,0.3
"ERIC.NYSTROM","F","20102011","MIN",82,1089.4,936.8,21.9,124.2,-5.3,-0.6,-0.5,1.6,-4.8,-0.9
"ERIC.STAAL","F","20102011","CAR",81,1758.3,1247.1,354,108.6,0.1,5.8,-3.3,-1,1.6,0.3
"ERIC.TANGRADI","F","20102011","PIT",15,167.5,142.2,24.9,0.7,-0.2,0,0,0.4,0.2,0
"ERIK.CHRISTENSEN","F","20102011","NYR",63,802.9,653.9,133,0.5,0.8,-2.2,0,0.6,-0.8,-0.1
"ERIK.COLE","F","20102011","CAR",81,1498,1136.3,216.6,109.2,-0.3,-0.9,1.3,3.6,3.6,0.7
"ERIK.CONDRA","F","20102011","OTT",26,412.6,338.2,18.9,51.9,0,0.5,0.7,0,1.3,0.2
"ERIK.JOHNSON","D","20102011","COL",22,540.2,405.8,67.7,51.5,-1.4,0.4,-2.2,0.8,-2.4,-0.5
"ERIK.JOHNSON","D","20102011","STL",55,1209.1,922.8,140.4,136,-4.1,1.7,0.6,0.6,-1.2,-0.2
"ERIK.KARLSSON","D","20102011","OTT",75,1763.7,1359.9,272,108.2,-4.7,1.7,0,1.7,-1.3,-0.3
"ETHAN.MOREAU","F","20102011","CBJ",37,461.9,392.7,2.7,63.5,-3.1,0,0.8,-2.1,-4.3,-0.8
"EVANDER.KANE","F","20102011","ATL",73,1304,1055.9,167.9,60.5,6.3,-0.6,-0.3,4,9.4,1.8
"EVGENI.MALKIN","F","20102011","PIT",43,852.5,607.4,226.3,1.9,4.7,2.9,0,3.9,11.5,2.2
"EVGENY.DADONOV","F","20102011","FLA",36,513.1,474.6,32.1,0.1,3.6,-0.6,0,1.1,4.1,0.8
"EVGENY.GRACHEV","F","20102011","NYR",8,61.6,60.6,0.9,0,-0.8,0,0,0.2,-0.5,-0.1
"FEDOR.TYUTIN","D","20102011","CBJ",80,1815.5,1340,231.5,216.6,4.1,-0.6,3.1,1.8,8.4,1.6
"FERNANDO.PISANI","F","20102011","CHI",60,754.4,647.4,13.1,82.9,-2.9,0,0,1.3,-1.5,-0.3
"FILIP.KUBA","D","20102011","OTT",64,1322.5,1015.5,135.4,159.5,-0.7,-0.9,0.1,0.4,-1.1,-0.2
"FRANCIS.BOUILLON","D","20102011","NSH",44,890.1,766.1,55.7,61.6,3.7,-0.5,0.2,1.7,5,1
"FRANCIS.LESSARD","F","20102011","OTT",24,92.6,92.5,0,0,-0.2,0,0,-1.5,-1.7,-0.3
"FRANCOIS.BEAUCHEMIN","D","20102011","ANA",27,586.1,464.1,38.8,76.2,1.2,0.9,0,1.8,4,0.8
"FRANCOIS.BEAUCHEMIN","D","20102011","TOR",54,1282.8,1015.7,94.1,151.5,4.9,-1.5,1.3,0.8,5.5,1
"FRANS.NIELSEN","F","20102011","NYI",71,1261.2,857.2,176.8,210.5,9.6,-0.6,-0.9,2.9,11,2.1
"FREDDY.MEYER","D","20102011","ATL",15,221.9,211.7,1.7,14.7,-2.4,0,0.2,0,-2.3,-0.4
"FREDRIK.MODIN","F","20102011","ATL",36,430.3,368.6,16.7,40,-1,-0.2,-1.3,-0.1,-2.5,-0.5
"FREDRIK.SJOSTROM","F","20102011","TOR",66,739.8,616.5,4.6,108.7,-3.7,0.1,1,0.7,-1.9,-0.4
"GEORGE.PARROS","F","20102011","ANA",78,498.2,497.9,1.1,0,-3.7,0,0,1.1,-2.6,-0.5
"GILBERT.BRULE","F","20102011","EDM",41,562.7,494.5,50.9,6.8,-3,-0.9,-0.1,-0.8,-4.8,-0.9
"GRANT.CLITSOME","D","20102011","CBJ",31,659.3,490,106.3,50,-0.2,2.8,0.6,0.4,3.5,0.7
"GREG.MAULDIN","F","20102011","COL",29,305.3,267.1,1.2,36.4,3.6,0,0.6,-0.2,3.9,0.7
"GREGORY.CAMPBELL","F","20102011","BOS",80,1075.3,907.7,17.6,137.2,-3.2,1.1,-1.1,-1.6,-4.9,-0.9
"GREG.ZANON","D","20102011","MIN",82,1766.5,1491.8,8.8,247.6,-1.5,0.2,0.5,-0.1,-0.8,-0.2
"GUILLAUME.DESBIENS","F","20102011","VAN",12,88.2,79.8,1.1,0,-1.2,0,0,0,-1.2,-0.2
"GUILLAUME.LATENDRESSE","F","20102011","MIN",11,139.8,119.7,18.4,0.1,1.1,1,0,-0.5,1.5,0.3
"HAL.GILL","D","20102011","MTL",75,1486.5,1183.5,4.8,281.4,-0.8,0,2.4,0.3,1.9,0.4
"HENRIK.SEDIN","F","20102011","VAN",82,1578.9,1234.7,293.5,11.8,8.5,6,-0.2,-0.5,13.7,2.6
"HENRIK.TALLINDER","D","20102011","N.J",82,1848.3,1573.7,44.4,191.7,0.4,-1.2,1.9,0,1.1,0.2
"HENRIK.ZETTERBERG","F","20102011","DET",80,1566.8,1225.4,259.2,49.2,1.8,5.1,-0.3,1.3,7.9,1.5
"IAN.COLE","D","20102011","STL",26,457.8,417.4,11.5,25.6,-0.2,0,-0.3,-0.8,-1.3,-0.3
"IAN.WHITE","D","20102011","CAR",39,753.2,648,59.4,42.9,1.3,1,0.3,0.8,3.5,0.7
"IAN.WHITE","D","20102011","CGY",16,347.8,260.7,68.5,13.2,-3.1,-1,0.2,0.2,-3.6,-0.7
"IAN.WHITE","D","20102011","S.J",23,458.5,385.8,40.2,29.3,5.2,-0.3,-0.1,0,4.9,0.9
"ILYA.KOVALCHUK","F","20102011","N.J",81,1827,1433.3,335.9,11.3,-2.5,-1.1,0,2.9,-0.6,-0.1
"JACK.HILLEN","D","20102011","NYI",64,1199.1,1020.8,50.4,121.8,3.4,0.1,0.8,0.7,5.1,1
"JACK.JOHNSON","D","20102011","L.A",82,1902.2,1482.2,314.2,79.4,-6,3.1,2,1,0.1,0
"JACK.SKILLE","F","20102011","CHI",49,525.9,505.2,12.7,0,3.9,0,0,0.8,4.7,0.9
"JACK.SKILLE","F","20102011","FLA",13,213.3,180.4,24.6,3.4,-1.8,-0.3,0,0.3,-1.8,-0.3
"JACOB.JOSEFSON","F","20102011","N.J",28,370.6,319.3,49.1,0.6,3.9,-0.5,0,-0.3,3.2,0.6
"JAKE.DOWELL","F","20102011","CHI",79,928.4,803.9,9.1,107,1.2,-0.1,0.2,-0.2,1.1,0.2
"JAKE.MUZZIN","D","20102011","L.A",11,150.9,135.2,15.3,0,-2.1,-0.5,0,0.4,-2.2,-0.4
"JAKUB.KINDL","D","20102011","DET",48,653.3,610,33.9,8,-0.5,-1.7,0.1,-1.4,-3.5,-0.7
"JAKUB.VORACEK","F","20102011","CBJ",80,1357.6,1104.4,233,1.6,5.2,-0.9,0,0.8,5.2,1
"JAMAL.MAYERS","F","20102011","S.J",78,688.7,599.7,1.8,85.7,-0.6,0,0.2,-2.1,-2.5,-0.5
"JAMES.NEAL","F","20102011","DAL",59,1044.2,883,142.8,7.9,7.2,1.1,0.1,-0.1,8.2,1.6
"JAMES.NEAL","F","20102011","PIT",20,337.9,275.2,59.2,0.8,0.4,-0.5,0,1,0.9,0.2
"JAMES.VAN RIEMSDYK","F","20102011","PHI",75,1084.3,971.7,98.8,4.9,6.9,0.5,0,1.2,8.5,1.6
"JAMES.WISNIEWSKI","D","20102011","MTL",43,976.7,766.9,172.2,25.2,-1.5,3.3,-0.5,2.6,3.9,0.7
"JAMES.WISNIEWSKI","D","20102011","NYI",32,743.3,526.6,155.9,49.5,-0.4,0.9,0.3,1,1.8,0.3
"JAMIE.BENN","F","20102011","DAL",69,1241.7,943.7,156.9,110.4,7.7,0.5,0.7,2.7,11.6,2.2
"JAMIE.LANGENBRUNNER","F","20102011","DAL",39,645.7,506.9,85.6,36,1.7,-1.3,-0.8,-0.2,-0.6,-0.1
"JAMIE.LANGENBRUNNER","F","20102011","N.J",31,575.2,410.2,83.8,72,-0.8,0.3,-1.3,-0.2,-2,-0.4
"JAMIE.MCBAIN","D","20102011","CAR",76,1433.2,1165.5,205.8,45.6,5.6,0.1,-0.2,1.1,6.6,1.3
"JAMIE.MCGINN","F","20102011","S.J",49,567.6,548.9,4.5,10.2,-6.8,0.1,-0.1,0.2,-6.6,-1.3
"JAN.HEJDA","D","20102011","CBJ",77,1626.2,1382.1,11.3,217.3,-0.4,-0.2,3.1,0.6,3,0.6
"JAN.MURSAK","F","20102011","DET",19,155.7,153.8,1.2,0,-1.3,0,0,0.3,-1,-0.2
"JANNIK.HANSEN","F","20102011","VAN",82,1206.4,979.5,10.4,194.2,4.4,-0.2,1.8,0.4,6.5,1.2
"JARED.BOLL","F","20102011","CBJ",73,560.2,552.8,5.6,0.4,1.9,-0.1,0,-0.3,1.5,0.3
"JARED.SPURGEON","D","20102011","MIN",53,798.8,700,77.4,14.7,-0.2,3.4,-0.2,2.1,5.2,1
"JARKKO.RUUTU","F","20102011","ANA",23,206.6,159.2,1,46.1,0.4,0,1,-0.2,1.2,0.2
"JARKKO.RUUTU","F","20102011","OTT",50,623.5,528.4,3,88.3,4.1,0,-1.6,-1.1,1.4,0.3
"JAROME.IGINLA","F","20102011","CGY",82,1716,1343.2,323.1,6,10.3,0.8,0,2.9,14.1,2.7
"JAROSLAV.SPACEK","D","20102011","MTL",59,1135.4,911,78.6,134.1,3.6,-0.2,-0.3,0.3,3.3,0.6
"JARRET.STOLL","F","20102011","L.A",82,1407.4,1060.2,206.5,120.8,2.4,1,-0.6,-1.9,0.9,0.2
"JASON.ARNOTT","F","20102011","N.J",62,958.4,794.5,130.6,5.7,3,-0.3,0.1,-1.1,1.7,0.3
"JASON.ARNOTT","F","20102011","WSH",11,174.8,151.4,21.6,0.6,0.3,0.4,0,-0.4,0.3,0.1
"JASON.BLAKE","F","20102011","ANA",76,1121.7,1002.7,113.9,1.7,0.7,2.9,0,2.7,6.2,1.2
"JASON.CHIMERA","F","20102011","WSH",81,1060.8,934.5,47.6,66.9,-2.9,-0.2,0.1,-0.1,-3.1,-0.6
"JASON.DEMERS","D","20102011","S.J",75,1455.6,1169.6,164.1,118.3,8.4,-0.7,-1.5,1.8,8,1.5
"JASON.GARRISON","D","20102011","FLA",73,1627.3,1268,113.5,226.6,0.1,-1,2.8,0.4,2.3,0.4
"JASON.POMINVILLE","F","20102011","BUF",73,1312.8,945.2,210.8,140.6,3,3.8,0.5,3,10.3,2
"JASON.SPEZZA","F","20102011","OTT",62,1252.2,887.9,221.5,112.7,8.1,2.3,-0.3,1.2,11.4,2.2
"JASON.STRUDWICK","D","20102011","EDM",43,647,556.1,0.6,82.8,-5.8,0,-0.2,1,-5,-1
"JASON.WILLIAMS","F","20102011","DAL",27,219,204.8,12.3,0,0,0,0,-0.5,-0.5,-0.1
"JASSEN.CULLIMORE","D","20102011","CHI",36,454.7,426,1.8,24.7,1,0,0.2,0,1.2,0.2
"JAY.BEAGLE","F","20102011","WSH",31,325.6,285.1,3.2,35.1,-0.6,0,-0.7,0.9,-0.5,-0.1
"JAY.BOUWMEESTER","D","20102011","CGY",82,2130.9,1588.4,223.4,271.2,1.7,-0.3,-1.9,0.2,-0.4,-0.1
"JAY.HARRISON","D","20102011","CAR",72,1085.8,912.4,8.8,145.9,2.5,-0.1,-1.2,-0.3,0.8,0.2
"JAY.LEACH","D","20102011","N.J",7,99.7,94.2,0.3,4.6,-0.1,0,0.1,-0.1,-0.1,0
"JAY.MCCLEMENT","F","20102011","COL",24,375.6,301.9,5,66.5,-2.4,-0.1,-1.3,-0.6,-4.4,-0.8
"JAY.MCCLEMENT","F","20102011","STL",56,959.9,772.4,2.9,172.2,-0.6,0,-1.3,-0.1,-1.9,-0.4
"JAY.ROSEHILL","F","20102011","TOR",26,134.8,134.8,0.4,0,-2.2,0,0,-0.4,-2.6,-0.5
"JEFF.CARTER","F","20102011","PHI",80,1458.4,1135.1,234.3,52.3,14.8,2.3,0.5,0,17.6,3.4
"JEFF.HALPERN","F","20102011","MTL",72,916.7,726.5,9.3,167.1,6.1,-0.2,-0.5,0.6,6,1.1
"JEFF.PETRY","D","20102011","EDM",35,713.1,583.7,74.8,44.8,2.8,0.1,0.3,0.9,4.1,0.8
"JEFF.SCHULTZ","D","20102011","WSH",72,1392.2,1208.8,4.6,171.9,-1.3,0,0.4,1.4,0.5,0.1
"JEFF.SKINNER","F","20102011","CAR",81,1355.3,1073.3,257.3,1.8,7,1,0,6.3,14.3,2.7
"JEFF.TAMBELLINI","F","20102011","VAN",62,730.5,642.9,73.2,5.3,3.5,-0.5,0.1,-0.5,2.6,0.5
"JEFF.WOYWITKA","D","20102011","DAL",63,1130.5,1063.6,37.9,11.3,-0.9,1.7,0.2,0.6,1.6,0.3
"JEREMY.COLLITON","F","20102011","NYI",15,178.3,151.1,7,18,-2.2,0.3,0.2,-0.8,-2.5,-0.5
"JEREMY.MORIN","F","20102011","CHI",9,108.9,89,16.8,0,0.5,0,0,-0.1,0.4,0.1
"JEROME.SAMSON","F","20102011","CAR",23,157.6,155.1,1.8,0,-0.9,0,0,0.6,-0.3,-0.1
"JERRED.SMITHSON","F","20102011","NSH",82,1217.7,965,12.6,221.4,-1.6,-0.3,-0.2,1.6,-0.6,-0.1
"JESSE.JOENSUU","F","20102011","NYI",42,486.2,478,5.3,0.3,-2.3,-0.1,0,-0.3,-2.7,-0.5
"JESSE.WINCHESTER","F","20102011","OTT",72,778.4,699.6,11.9,62.9,3,0.1,0.4,1.4,4.9,0.9
"J-F.JACQUES","F","20102011","EDM",51,359.9,353.1,3.1,2.3,-0.6,0,0,-0.7,-1.4,-0.3
"JIM.SLATER","F","20102011","ATL",36,381,340.9,4.9,31.9,3.7,0,-0.1,-0.5,3,0.6
"JIM.VANDERMEER","D","20102011","EDM",62,1128.5,957.7,28.5,129,-2.5,0.7,1.3,-2.3,-2.8,-0.5
"JIRI.HUDLER","F","20102011","DET",73,997.2,824.3,163.8,0,-2,-1.2,0,-1,-4.2,-0.8
"JIRI.TLUSTY","F","20102011","CAR",57,562.2,547.4,8.8,2.7,3.9,-0.1,0,0.3,4,0.8
"JOCHEN.HECHT","F","20102011","BUF",67,1143.9,897.9,97.7,128.7,5.7,-0.5,-1.1,-1.4,2.8,0.5
"JODY.SHELLEY","F","20102011","PHI",58,358.6,354.6,3,0.1,2.6,0,0,-1.1,1.5,0.3
"JOE.CALLAHAN","D","20102011","FLA",27,428.7,404,10.5,9.9,1.4,-0.1,0.1,0,1.3,0.3
"JOE.CORVO","D","20102011","CAR",82,2021.3,1437.9,322.9,214.9,-8.4,0.9,-1.2,4.2,-4.4,-0.8
"JOEL.WARD","F","20102011","NSH",80,1355.3,1074.8,119.7,149.3,1.9,-1.2,2.7,-0.4,3.1,0.6
"JOE.PAVELSKI","F","20102011","S.J",74,1454.4,1038.8,245.2,141.9,10.7,5.7,-2.7,3.4,17.1,3.3
"JOE.THORNTON","F","20102011","S.J",80,1589.2,1190.4,267.6,92.2,5.1,6.5,0.1,0.9,12.5,2.4
"JOE.VITALE","F","20102011","PIT",9,95.2,89.8,1.2,3.8,0.6,0,0,-0.5,0.1,0
"JOEY.CRABB","F","20102011","TOR",48,623,537,38.5,39.1,4.1,1,0.3,-1.4,4,0.8
"JOFFREY.LUPUL","F","20102011","ANA",26,343.8,287.5,54.2,0.1,-1.6,0.9,0,0.1,-0.7,-0.1
"JOFFREY.LUPUL","F","20102011","TOR",28,499.9,392.2,99.3,0.1,2.9,2.7,0,1.1,6.7,1.3
"JOHAN.FRANZEN","F","20102011","DET",76,1325,1086.4,213.4,4,8.9,2.9,0,-1.3,10.5,2
"JOHAN.HARJU","F","20102011","T.B",10,84.7,71.3,13.4,0,1.1,-0.3,0,0,0.9,0.2
"JOHN.CARLSON","D","20102011","WSH",82,1835.7,1438.3,179.2,186.5,8.2,2.4,3,2.4,15.9,3
"JOHN.ERSKINE","D","20102011","WSH",73,1079,975.3,3.9,94,4.6,0,0.2,-1,3.7,0.7
"JOHN.MADDEN","F","20102011","MIN",76,1165.8,941.2,24.1,185.4,2.6,0.5,1.2,1.4,5.8,1.1
"JOHN.MCCARTHY","F","20102011","S.J",37,323.5,304.6,0.3,17.3,-3.2,0,-0.2,-0.1,-3.5,-0.7
"JOHN-MICHAEL.LILES","D","20102011","COL",76,1672.2,1314.7,242.7,80.8,6.6,4,2.6,5.4,18.5,3.5
"JOHN.MITCHELL","F","20102011","TOR",23,287.8,253,8.5,21.4,-1.9,0,-0.2,-0.2,-2.4,-0.4
"JOHNNY.BOYCHUK","D","20102011","BOS",69,1401.1,1180.9,69.9,149.2,-2.3,-0.9,-0.5,2.3,-1.3,-0.3
"JOHNNY.ODUYA","D","20102011","ATL",82,1699.3,1365.3,67.1,250.2,-5.8,-0.3,-1.7,3.4,-4.4,-0.8
"JOHN.SCOTT","F","20102011","CHI",40,250.2,241.8,0.1,5,-1.2,0,0.1,0,-1.1,-0.2
"JOHN.TAVARES","F","20102011","NYI",79,1520.7,1201.6,273.3,12.5,1.9,0.8,0.2,1,3.9,0.7
"JONAS.HOLOS","D","20102011","COL",39,704,574.4,63.3,57.9,-0.1,0.8,-1.4,0.8,0.1,0
"JONATHAN.ERICSSON","D","20102011","DET",74,1394.2,1269.8,9.1,105.1,2.3,0.1,0,-2.6,-0.3,-0.1
"JONATHAN.TOEWS","F","20102011","CHI",80,1656.8,1227.2,242.2,151.8,16.1,4,1.2,4.4,25.6,4.9
"JONATHON.BLUM","D","20102011","NSH",23,408.4,363.5,32,10.9,4.5,0.1,-0.1,0.1,4.6,0.9
"JONI.PITKANEN","D","20102011","CAR",72,1773,1375.2,290.2,79.2,2.6,0.5,-0.2,-1.7,1.2,0.2
"JON.MATSUMOTO","F","20102011","CAR",13,91.9,89.3,1.5,1.1,0.5,0,0,-0.2,0.3,0.1
"JON.SIM","F","20102011","NYI",34,387.7,334.9,11.4,39.1,-2.4,0.1,0.7,-0.5,-2.1,-0.4
"JORDAN.CARON","F","20102011","BOS",23,291.4,237.4,1.8,49.3,1.2,0,0,-0.5,0.6,0.1
"JORDAN.EBERLE","F","20102011","EDM",69,1219.3,977,171.9,45.8,0,-0.1,-0.4,1.7,1.2,0.2
"JORDAN.HENDRY","D","20102011","CHI",37,395.6,384.2,4.5,1.1,-2.9,0,0,1.6,-1.4,-0.3
"JORDAN.LEOPOLD","D","20102011","BUF",71,1656.3,1254.1,192.7,182.7,-1,1.9,-1.7,0.2,-0.6,-0.1
"JORDAN.STAAL","F","20102011","PIT",42,896.8,643.8,132.4,105.8,1.7,0.5,0.8,0.2,3.2,0.6
"JORDIN.TOOTOO","F","20102011","NSH",54,641.4,626.3,11.4,0,3.4,-0.2,0,1.1,4.3,0.8
"JOSH.BAILEY","F","20102011","NYI",70,1248.4,903.1,166.4,164.2,-3.2,0.6,0.4,1.2,-1,-0.2
"JOSH.GORGES","D","20102011","MTL",36,762.2,592.7,24.1,135.2,2.8,0.2,2,0.8,5.9,1.1
"JOSH.GREEN","F","20102011","ANA",12,120.1,112,0.1,7.7,-1.1,0,-0.1,-0.5,-1.7,-0.3
"J-P.DUMONT","F","20102011","NSH",70,779.2,662.4,111.4,1.4,1.4,-0.5,0,1,2,0.4
"JUSSI.JOKINEN","F","20102011","CAR",70,1185.9,868.3,237.2,57.6,7.3,0.4,0.3,2.6,10.6,2
"JUSTIN.ABDELKADER","F","20102011","DET",74,910.3,767.5,12.1,126.2,9,0,-0.4,-0.3,8.3,1.6
"JUSTIN.BRAUN","D","20102011","S.J",28,462,400.6,28.9,29.6,2.7,0,0.2,0.5,3.3,0.6
"JUSTIN.DIBENEDETTO","F","20102011","NYI",8,72.5,69.7,2.7,0.1,-0.4,0,0,0.7,0.4,0.1
"JUSTIN.FALK","D","20102011","MIN",22,311.4,280.1,1.7,27.9,-0.3,0,0.1,0.5,0.3,0.1
"JUSTIN.WILLIAMS","F","20102011","L.A",73,1259.4,1043.3,190.3,8.5,13.8,1,0,-0.3,14.4,2.8
"KARL.ALZNER","D","20102011","WSH",82,1624.2,1400.2,30.3,171.1,2.1,-0.7,0.5,2,3.9,0.7
"KARLIS.SKRASTINS","D","20102011","DAL",74,1327.7,1064.8,3.2,237.8,1.2,0,-0.2,0.4,1.4,0.3
"KEATON.ELLERBY","D","20102011","FLA",54,869,812.8,21.2,30,-3.5,0,-0.1,0.2,-3.5,-0.7
"KEITH.AULIE","D","20102011","TOR",40,755.5,668.2,9.3,82.1,-2.5,-0.1,-0.5,-0.3,-3.4,-0.7
"KEITH.BALLARD","D","20102011","VAN",65,1033.9,903.6,13.9,105.2,-2,0,-1.4,1.1,-2.2,-0.4
"KEITH.YANDLE","D","20102011","ARI",82,1996.4,1576.7,332.3,59.5,4.2,2.8,-1.6,3.8,9.2,1.8
"KENNDAL.MCARDLE","F","20102011","FLA",11,109.4,108.5,0.3,0,-2.7,0,0,-0.3,-3,-0.6
"KENT.HUSKINS","D","20102011","S.J",50,830.9,748.4,4.6,72,2.2,0,2.1,-0.3,4,0.8
"KEVIN.BIEKSA","D","20102011","VAN",66,1481.9,1169.2,113.5,173.1,5.1,2.7,0,-0.2,7.6,1.5
"KEVIN.KLEIN","D","20102011","NSH",81,1684.1,1396.9,18.5,254.7,3.1,-0.4,-1.2,2.1,3.6,0.7
"KEVIN.PORTER","F","20102011","COL",74,1022.5,864.2,119.5,21.2,8.2,-1.2,0.8,-0.8,7.1,1.4
"KEVIN.SHATTENKIRK","D","20102011","COL",46,912.6,741.3,140,12.2,1.4,1.2,0.1,0.1,2.8,0.5
"KEVIN.SHATTENKIRK","D","20102011","STL",26,515.9,424.4,70.3,15.7,5.7,2.8,-0.3,-0.4,7.9,1.5
"KEVIN.WESTGARTH","F","20102011","L.A",56,304.4,303.2,0.3,0.6,-2,0,0,-1.4,-3.5,-0.7
"KIMMO.TIMONEN","D","20102011","PHI",82,1841.9,1243.5,272.2,278.1,0.9,4.7,-0.6,2.3,7.2,1.4
"KRIS.DRAPER","F","20102011","DET",47,491.2,445.9,1.6,40.1,2.7,0,-2.6,-0.9,-0.8,-0.2
"KRIS.LETANG","D","20102011","PIT",82,1970.7,1403,362.2,171.4,6,2.7,0.4,2.1,11.2,2.2
"KRIS.NEWBURY","F","20102011","NYR",11,84,80.5,0.7,2.8,-0.8,0,0,-0.6,-1.3,-0.2
"KRIS.RUSSELL","D","20102011","CBJ",73,1278.7,1040.3,201.8,26.3,2.1,-1,-0.1,1.4,2.4,0.5
"KRISTIAN.HUSELIUS","F","20102011","CBJ",39,638.2,523.6,104.9,0.9,-1.5,0.6,0,-0.2,-1.1,-0.2
"KRIS.VERSTEEG","F","20102011","PHI",27,415,354.5,34.1,21,-1.5,0.3,-0.1,-0.1,-1.3,-0.3
"KRIS.VERSTEEG","F","20102011","TOR",53,1003.4,748,192.9,36.2,2.6,3.2,0.3,2.4,8.5,1.6
"KRYS.BARCH","F","20102011","DAL",44,229.8,223.9,5,0.2,-3.4,0.1,0,-0.3,-3.6,-0.7
"KURTIS.FOSTER","D","20102011","EDM",74,1306.7,984.8,277.8,11.2,-4.6,0.2,0,0.2,-4.1,-0.8
"KYLE.BRODZIAK","F","20102011","MIN",80,1259.1,1012.1,99.5,135.6,7.7,-1.2,0.5,-0.8,6.1,1.2
"KYLE.CHIPCHURA","F","20102011","ANA",40,319.8,284.4,0.7,34.1,-2.1,0,0.7,0.4,-1,-0.2
"KYLE.CLIFFORD","F","20102011","L.A",76,717.5,716.6,2.1,0.2,0.4,0,0,-1,-0.6,-0.1
"KYLE.CUMISKEY","D","20102011","COL",18,354,256.4,37,51.2,4.2,-0.7,-0.5,-0.3,2.8,0.5
"KYLE.OKPOSO","F","20102011","NYI",38,630.2,504.4,94.1,18.9,6.7,0.6,0.4,0.1,7.8,1.5
"KYLE.PALMIERI","F","20102011","ANA",10,86.9,86.7,0.1,0,-0.5,0,0,0,-0.4,-0.1
"KYLE.QUINCEY","D","20102011","COL",21,406.1,317.6,45.8,40.6,0.3,-0.9,0.5,-0.3,-0.5,-0.1
"KYLE.TURRIS","F","20102011","ARI",65,731.9,629.5,93.5,5.2,3.1,-0.8,0,0.3,2.5,0.5
"KYLE.WELLWOOD","F","20102011","S.J",35,478.9,462.1,14.3,0.4,4.4,0.6,0,1.7,6.6,1.3
"KYLE.WILSON","F","20102011","CBJ",32,340.3,292.3,22.6,24.6,1.7,-0.9,0.4,-0.5,0.7,0.1
"LADISLAV.SMID","D","20102011","EDM",78,1580.6,1297.3,59,206.9,0.3,1.1,-0.9,-0.6,-0.1,0
"LANCE.BOUMA","F","20102011","CGY",16,94,93.9,0,0,-1,0,0,0.4,-0.7,-0.1
"LARS.ELLER","F","20102011","MTL",77,857.2,825.1,21.9,6.9,3.3,-1,-0.2,-2.3,-0.3,-0.1
"LAURI.KORPIKOSKI","F","20102011","ARI",79,1220.1,912.6,52.3,236,4.5,-0.7,1.9,0.9,6.5,1.3
"LEE.STEMPNIAK","F","20102011","ARI",82,1249,1088.5,147.5,2,0.9,0,0,2.4,3.3,0.6
"LIAM.REDDOX","F","20102011","EDM",44,659.8,508,16,129.3,0,-0.6,0.7,0.7,0.8,0.2
"LINUS.OMARK","F","20102011","EDM",51,783.1,633.7,132.5,0.3,-0.3,-1.8,0,1,-1.1,-0.2
"LOGAN.COUTURE","F","20102011","S.J",79,1408,1133.5,171.2,84.2,7.2,1.7,0.1,1.3,10.3,2
"LOUI.ERIKSSON","F","20102011","DAL",79,1624.6,1225,266.1,105.4,6.6,4.4,1,4.5,16.4,3.1
"LUBOMIR.VISNOVSKY","D","20102011","ANA",81,1967.7,1559.3,327.6,35.1,13.4,6.6,0.5,2.2,22.7,4.3
"LUCA.CAPUTI","F","20102011","TOR",7,77.5,66,8.9,0,-1.2,-0.2,0,-0.3,-1.6,-0.3
"LUCA.SBISA","D","20102011","ANA",68,1142,945.9,88.4,103.6,-4.9,-1.8,-0.7,2.1,-5.3,-1
"LUKE.ADAM","F","20102011","BUF",19,213,182.2,30.1,0.2,-3,0.1,0,0,-2.9,-0.6
"LUKE.SCHENN","D","20102011","TOR",82,1834.3,1507.9,81.3,222.2,4.5,-1.5,-0.6,2.5,4.9,0.9
"MAGNUS.PAAJARVI","F","20102011","EDM",80,1230.6,1061,145.5,2.1,2.1,0.6,0,2.5,5.1,1
"MANNY.MALHOTRA","F","20102011","VAN",72,1163.8,886.5,54.8,192.1,-1.7,2.1,-0.8,1,0.5,0.1
"MARC-ANDRE.BERGERON","D","20102011","T.B",23,329.4,246,77.6,1.2,-0.4,1.2,0,0.3,1.2,0.2
"MARC-ANDRE.GRAGNANI","D","20102011","BUF",9,137.6,117.2,18.1,0.6,-0.9,0.4,0,0.1,-0.4,-0.1
"MARC-EDOUARD.VLASIC","D","20102011","S.J",80,1669,1401.9,69.3,179.9,5.5,-1.1,-3.1,2.7,4,0.8
"MARCEL.GOC","F","20102011","NSH",51,818,716.5,52.2,39,5,-0.2,0.1,0.6,5.5,1.1
"MARC.METHOT","D","20102011","CBJ",74,1471.8,1219,25.1,217.8,6.4,-0.5,1.9,-0.7,7.1,1.4
"MARCO.SCANDELLA","D","20102011","MIN",20,299.4,278.1,3.6,13.6,-0.3,0,0,1.4,1.1,0.2
"MARCO.STURM","F","20102011","L.A",17,246,213.9,19.8,9.8,1,-0.3,-0.1,0.2,0.9,0.2
"MARCO.STURM","F","20102011","WSH",18,252.3,218.1,15.6,15.3,-0.9,0.3,-0.6,-0.1,-1.2,-0.2
"MARC.SAVARD","F","20102011","BOS",25,395,313.8,73.3,2,-3.1,0.4,0,0.4,-2.3,-0.4
"MARC.STAAL","D","20102011","NYR",77,1980.1,1494.2,199.5,240,-4.7,1,4,1.4,1.8,0.3
"MARCUS.JOHANSSON","F","20102011","WSH",69,1015.5,857.8,65.9,80.8,2.4,0.4,0.9,2.5,6.2,1.2
"MARCUS.KRUGER","F","20102011","CHI",7,83.7,76.8,0.6,6.1,-1.3,0,0,0.4,-0.8,-0.2
"MAREK.SVATOS","F","20102011","NSH",9,101.2,89.3,10.7,0.4,0.9,-0.2,0,0.3,0.9,0.2
"MAREK.SVATOS","F","20102011","OTT",19,227.1,207.6,17.8,0,0.2,-0.5,0,-0.4,-0.7,-0.1
"MAREK.ZIDLICKY","D","20102011","MIN",46,1001.5,737.9,148.6,99.8,-1.7,1.6,-0.2,-0.3,-0.6,-0.1
"MARIAN.GABORIK","F","20102011","NYR",62,1121.2,881.7,190.1,13.1,4.3,2.8,0.3,1.3,8.7,1.7
"MARIAN.HOSSA","F","20102011","CHI",65,1277.6,963.5,171.5,110.2,3.4,4.7,0,-0.6,7.5,1.4
"MARK.EATON","D","20102011","NYI",34,692.3,562.6,19.5,105.2,1.2,-0.5,-2.3,1.1,-0.6,-0.1
"MARK.FAYNE","D","20102011","N.J",57,1016.7,926.1,42,29.9,8.6,0.6,0,0.4,9.6,1.8
"MARK.FISTRIC","D","20102011","DAL",57,819.1,732.5,1,76.9,1.3,0,0.1,-0.1,1.4,0.3
"MARK.FRASER","D","20102011","N.J",26,358.3,325.9,1.7,33.6,1,0,0.6,1.1,2.7,0.5
"MARK.GIORDANO","D","20102011","CGY",82,1896.8,1406.6,286.1,169.3,2.9,5.4,2.4,0.5,11.2,2.1
"MARK.KATIC","D","20102011","NYI",11,180.7,154.1,10.7,14.4,-2.2,0.1,0.1,-0.1,-2.1,-0.4
"MARK.LETESTU","F","20102011","PIT",64,912.2,759.7,135.8,3.1,5.5,-0.6,0,1.3,6.2,1.2
"MARK.MANCARI","F","20102011","BUF",20,246.2,218.2,26.6,0,0.2,0.6,0,-0.5,0.3,0.1
"MARK.OLVER","F","20102011","COL",18,213.9,190.4,19.8,0.2,2.1,-0.4,0,0.4,2.1,0.4
"MARK.RECCHI","F","20102011","BOS",81,1304.5,1003,216.2,57.9,0,2.3,0.8,1.8,4.8,0.9
"MARK.STUART","D","20102011","ATL",23,341.5,293.6,1.8,45.4,-4.1,0,0.8,0.6,-2.6,-0.5
"MARK.STUART","D","20102011","BOS",31,503.9,432.3,4.6,63.1,2.2,0,0.3,0.9,3.4,0.6
"MARTIN.ERAT","F","20102011","NSH",64,1157.5,903.2,162.2,71.1,2.6,3.6,-0.4,3,8.8,1.7
"MARTIN.HANZAL","F","20102011","ARI",61,1187.7,864.3,180.7,127.3,0.8,1.5,-0.7,-1.1,0.5,0.1
"MARTIN.HAVLAT","F","20102011","MIN",78,1430.3,1176.2,216.3,10.2,8.8,-0.5,0.1,-0.3,8.1,1.6
"MARTIN.ST. LOUIS","F","20102011","T.B",82,1712.5,1284.9,369.1,36.1,10.1,5.7,-0.6,5.6,20.8,4
"MARTY.REASONER","F","20102011","FLA",82,1402,1118.9,44.8,223.6,5.9,-0.1,-4,1.4,3.1,0.6
"MASON.RAYMOND","F","20102011","VAN",70,1106,921.8,95.7,74.6,2.8,-0.6,0,3.9,6,1.2
"MATHIEU.DARCHE","F","20102011","MTL",59,664.8,579.1,79.4,0.7,7.6,3.9,0,1.4,12.8,2.5
"MATHIEU.PERREAULT","F","20102011","WSH",35,406.5,350,51.9,2.8,1.6,0.8,0,-0.5,1.9,0.4
"MATS.ZUCCARELLO","F","20102011","NYR",42,595.3,472.4,102.2,0,4.5,1.3,0,1,6.8,1.3
"MATT.BELESKEY","F","20102011","ANA",35,454.4,421.3,12.8,17.2,-4,0.2,-0.3,-0.7,-4.7,-0.9
"MATT.BRADLEY","F","20102011","WSH",61,639.9,625,5.2,3.1,2.6,0,0,-0.7,1.9,0.4
"MATT.CALVERT","F","20102011","CBJ",42,465.9,420.2,40.5,0.7,5.3,1.1,0,2.1,8.6,1.6
"MATT.CARKNER","D","20102011","OTT",50,744.2,643,1.1,99.2,4.1,0,0,-2.3,1.8,0.3
"MATT.CARLE","D","20102011","PHI",82,1800.6,1494.6,188.6,100.6,17.9,-2.4,1.1,2.4,18.9,3.6
"MATT.COOKE","F","20102011","PIT",67,1047.6,794.4,52.7,182.8,4,-1.4,0.3,-3.5,-0.6,-0.1
"MATT.CULLEN","F","20102011","MIN",78,1406.1,982,239.4,156.3,-0.9,3.6,1.4,0.5,4.6,0.9
"MATT.D'AGOSTINI","F","20102011","STL",82,1210.2,1059.3,134.9,5.6,9.3,3.9,0,0.3,13.6,2.6
"MATT.DUCHENE","F","20102011","COL",80,1515.1,1237.6,224.7,4.1,11.1,0.8,0,1.8,13.7,2.6
"MATT.ELLIS","F","20102011","BUF",14,140.6,136,2,2.3,-2.1,0,0,0.1,-2,-0.4
"MATT.GILROY","D","20102011","NYR",58,822.2,723.6,72.1,18.2,-0.1,0.4,0.2,0.3,0.7,0.1
"MATT.GREENE","D","20102011","L.A",71,1205.3,1003.9,6.7,182.9,1.5,-0.1,-1.2,-1.9,-1.6,-0.3
"MATT.HALISCHUK","F","20102011","NSH",27,273.4,266.1,2.2,5,3.1,0,0,0.2,3.3,0.6
"MATT.HENDRICKS","F","20102011","WSH",77,877.6,753.8,21.2,92.5,1.7,1.1,-1.3,-0.4,1,0.2
"MATTHEW.CORRENTE","D","20102011","N.J",22,295,289.4,1,7.6,0,0,-0.1,0.1,0.1,0
"MATT.HUNWICK","D","20102011","BOS",22,356.7,297.6,50.5,7.9,0.7,-1.1,0.1,0.2,-0.1,0
"MATT.HUNWICK","D","20102011","COL",51,994.7,787,77.3,120.8,-3.1,0.4,-2.3,0.5,-4.5,-0.9
"MATTIAS.OHLUND","D","20102011","T.B",72,1348.1,1121.7,13.9,199.1,0.6,0.1,1.8,-4,-1.5,-0.3
"MATTIAS.RITOLA","F","20102011","T.B",31,311.9,271.6,39.2,0.6,0.5,-1.1,0,0.3,-0.3,-0.1
"MATTIAS.TEDENBY","F","20102011","N.J",58,727.6,608.1,107.4,0,3.2,0.3,0,3.7,7.2,1.4
"MATT.LASHOFF","D","20102011","TOR",11,152.2,126,21.9,3.3,-0.4,0.3,0.1,0.4,0.3,0.1
"MATT.MARTIN","F","20102011","NYI",68,740.1,670,14.2,53.9,-5.2,-0.3,-1.3,-0.5,-7.3,-1.4
"MATT.MOULSON","F","20102011","NYI",82,1547.3,1198.8,271.5,48.2,3.8,2.1,-0.8,1.8,7,1.3
"MATT.NISKANEN","D","20102011","DAL",45,708.1,596.1,95.8,11.2,2,-0.7,0.1,-0.2,1.1,0.2
"MATT.NISKANEN","D","20102011","PIT",18,333.2,295.3,17.7,17.5,-2,0.1,0,-0.8,-2.7,-0.5
"MATT.SMABY","D","20102011","T.B",32,223.7,209.5,1,12.2,-1.4,0,0.2,-0.1,-1.3,-0.3
"MATT.STAJAN","F","20102011","CGY",76,1076.7,934.9,79.8,54.7,6.1,-1.9,0.2,-0.4,4,0.8
"MATT.TAORMINA","D","20102011","N.J",17,351.3,289.6,52,7.1,1.3,-1,0.1,1,1.5,0.3
"MAXIM.LAPIERRE","F","20102011","ANA",21,243.1,220.7,1.2,18.1,-1.5,0,-0.1,-0.2,-1.8,-0.3
"MAXIM.LAPIERRE","F","20102011","MTL",38,441.8,425,1.1,14.2,-0.3,0,0.3,-1,-0.9,-0.2
"MAXIM.LAPIERRE","F","20102011","VAN",19,219.2,186.1,2.8,28.8,-0.9,0,-0.2,0.2,-0.9,-0.2
"MAXIM.NOREAU","D","20102011","MIN",5,71.4,53.4,16,0.3,0.1,-0.5,0,0.4,0.1,0
"MAX.PACIORETTY","F","20102011","MTL",37,588.1,490.5,88.8,0.5,3.6,2.6,0,0.7,6.9,1.3
"MAX.TALBOT","F","20102011","PIT",82,1235.6,974.3,9.4,239.4,-1.9,-0.1,-0.3,1.5,-0.9,-0.2
"MICHAEL.DEL ZOTTO","D","20102011","NYR",47,915.8,691,173.8,24.6,-0.2,0.3,0,0.4,0.5,0.1
"MICHAEL.FROLIK","F","20102011","CHI",28,412.8,382,26.5,1.6,0,-0.9,0,-0.5,-1.4,-0.3
"MICHAEL.FROLIK","F","20102011","FLA",52,828.9,708,107.7,4.1,5.5,-0.5,0,0.7,5.7,1.1
"MICHAEL.GRABNER","F","20102011","NYI",76,1146.4,949.2,69.4,115,8.3,1.2,2.1,3.4,15,2.9
"MICHAEL.RYDER","F","20102011","BOS",79,1144.2,968.7,165.9,2.5,2.6,1.3,0,2,5.9,1.1
"MICHAEL.SAUER","D","20102011","NYR",76,1328.5,1189.3,10.9,109.2,9.9,0.1,-0.8,0.8,9.9,1.9
"MICHAEL.VERNACE","D","20102011","T.B",10,87,84,0.2,2.6,-0.6,0,0,0.1,-0.4,-0.1
"MICHAL.HANDZUS","F","20102011","L.A",82,1418.3,983.4,218.5,196.7,1.5,0,-1.5,2,2,0.4
"MICHAL.REPIK","F","20102011","FLA",31,396.1,364.4,28,0.8,0.5,-0.3,0,-1.3,-1.1,-0.2
"MICHAL.ROZSIVAL","D","20102011","ARI",33,657.3,546.4,32.7,68.7,5.1,0.1,-0.4,-0.2,4.6,0.9
"MICHAL.ROZSIVAL","D","20102011","NYR",32,704.1,549.3,96.4,52.6,2.9,0.5,-0.5,-0.1,2.8,0.5
"MICHEAL.HALEY","F","20102011","NYI",27,216.7,206.7,5.2,3.9,-1.5,0,0,-0.9,-2.4,-0.5
"MIKAEL.BACKLUND","F","20102011","CGY",73,881.8,761.1,44.8,66.6,4.4,1.1,0.4,0.7,6.6,1.3
"MIKAEL.SAMUELSSON","F","20102011","VAN",75,1247.3,1041.5,186,1.8,0.8,2.7,0,-0.3,3.2,0.6
"MIKE.BROWN","F","20102011","TOR",50,499.1,415.7,5.3,78.7,1.4,0.1,0.6,0.2,2.2,0.4
"MIKE.CAMMALLERI","F","20102011","MTL",67,1228,961.8,203.9,49.8,-0.2,4.8,0.8,1.2,6.6,1.3
"MIKE.COMMODORE","D","20102011","CBJ",20,371.2,283.5,34.5,51.2,-3.8,0.2,-1,-2,-6.6,-1.3
"MIKE.COMRIE","F","20102011","PIT",21,243.2,190.7,55.1,0,-1.4,-1.1,0,0.6,-1.8,-0.3
"MIKE.FISHER","F","20102011","NSH",27,492.9,407.6,53.8,20.5,0.1,0.6,0,0.2,0.8,0.2
"MIKE.FISHER","F","20102011","OTT",55,1013.3,771.8,138.6,89.6,-3.8,3.2,-2.7,-0.6,-3.8,-0.7
"MIKE.GREEN","D","20102011","WSH",49,1210.9,864.7,213.6,113.2,-0.9,-0.8,0.4,0.3,-0.9,-0.2
"MIKE.GRIER","F","20102011","BUF",73,1050.6,830.4,13,197.2,0.1,-0.2,-0.2,0.7,0.3,0.1
"MIKE.KNUBLE","F","20102011","WSH",79,1397,1078.5,178.4,106.2,-2.8,0.8,0.2,-1.6,-3.4,-0.6
"MIKE.KOMISAREK","D","20102011","TOR",75,1022.3,896.6,2.9,116.6,-0.7,0,0.4,-0.9,-1.1,-0.2
"MIKE.LUNDIN","D","20102011","T.B",69,1402.5,1181.2,33.2,177.4,0.7,-1.1,-0.1,1.9,1.4,0.3
"MIKE.MODANO","F","20102011","DET",40,498,392.2,101.2,0.4,-0.3,1.3,0,0.4,1.4,0.3
"MIKE.MOORE","D","20102011","S.J",6,60.6,59.1,0.2,1.3,0,0,0,-0.1,-0.1,0
"MIKE.MOTTAU","D","20102011","NYI",20,406.7,319.8,42.1,41.3,-3.6,0.9,1.7,0.2,-0.8,-0.1
"MIKE.RIBEIRO","F","20102011","DAL",82,1636.6,1213.6,313.6,69.4,6.7,3,-1.6,3.4,11.4,2.2
"MIKE.RICHARDS","F","20102011","PHI",81,1526.5,1085.6,237.8,170.2,4.8,3.2,-0.5,1.3,8.8,1.7
"MIKE.RUPP","F","20102011","PIT",81,814.4,729,64.1,17.3,-0.3,0.4,0,-2.3,-2.1,-0.4
"MIKE.SANTORELLI","F","20102011","FLA",82,1362.6,1014.2,217.6,112.6,2.2,0.8,-0.3,0.7,3.4,0.6
"MIKE.WEAVER","D","20102011","FLA",82,1705.8,1408,18.4,264.2,1.9,0,-1.2,2.4,3.1,0.6
"MIKE.WEBER","D","20102011","BUF",58,979.8,876.6,5.2,91,2.6,0,1.6,-1,3.2,0.6
"MIKHAIL.GRABOVSKI","F","20102011","TOR",81,1567.5,1206.7,250.6,80.5,11.3,1,1,0.1,13.5,2.6
"MIKKEL.BOEDKER","F","20102011","ARI",34,369.8,323.3,43.5,0,1.8,1,0,0.9,3.7,0.7
"MIKKO.KOIVU","F","20102011","MIN",71,1383.9,996.6,222.8,128.5,7.2,4.3,-0.7,0.5,11.4,2.2
"MILAN.HEJDUK","F","20102011","COL",71,1272,1015,211.8,4.9,0,4.1,0,-0.2,3.9,0.8
"MILAN.JURCINA","D","20102011","NYI",46,831.1,663.7,54.2,106,0.3,0.8,-0.9,-1.9,-1.7,-0.3
"MILAN.LUCIC","F","20102011","BOS",79,1309.8,1087.9,197.9,2,8.9,-0.3,0,-2.6,6,1.1
"MILAN.MICHALEK","F","20102011","OTT",66,1192,889.5,155.9,122.3,0.8,-1,-0.5,-0.1,-0.7,-0.1
"NATE.THOMPSON","F","20102011","T.B",79,1191.9,943.5,16.6,213.6,-0.1,0,-0.5,0.2,-0.4,-0.1
"NATHAN.GERBE","F","20102011","BUF",64,847.4,760.8,81.3,2.1,4.6,0.4,0,1.3,6.2,1.2
"NATHAN.HORTON","F","20102011","BOS",80,1302.5,1092.1,191.8,0.9,10.8,-1.6,0,-0.1,9.2,1.8
"NATHAN.OYSTRICK","D","20102011","STL",9,109.6,97.7,11.5,0,1.6,0.3,0,-0.4,1.5,0.3
"NAZEM.KADRI","F","20102011","TOR",29,457.5,376.7,74,0.5,-1.1,-1,0,2.1,0,0
"NICK.BONINO","F","20102011","ANA",26,255,244.7,7.6,1.7,-2.3,-0.1,0,0.1,-2.2,-0.4
"NICK.BOYNTON","D","20102011","CHI",41,636.8,584.3,7.3,43.8,6.8,-0.1,-0.2,-0.9,5.7,1.1
"NICK.BOYNTON","D","20102011","PHI",10,102.5,100.5,0.1,1.8,-2.2,0,0,-0.2,-2.3,-0.4
"NICK.FOLIGNO","F","20102011","OTT",82,1277.2,1118.3,144,3.8,1.8,0.4,0,2,4.2,0.8
"NICK.HOLDEN","D","20102011","CBJ",5,86,64.7,18.4,2.6,-0.7,-0.2,0,0.3,-0.5,-0.1
"NICK.JOHNSON","F","20102011","PIT",4,67,47.8,17.9,1.2,0.9,-0.5,0,0,0.4,0.1
"NICKLAS.BACKSTROM","F","20102011","WSH",77,1567.9,1168.2,251.3,110.4,10.8,1,0.1,-0.9,11,2.1
"NICKLAS.GROSSMANN","D","20102011","DAL",59,1073.7,919.9,7.9,135.9,4.2,-0.1,0.1,-0.1,4,0.8
"NICKLAS.LIDSTROM","D","20102011","DET",82,1924.4,1342.8,330.2,218,1.1,6.6,-0.9,0.8,7.6,1.5
"NICK.LEDDY","D","20102011","CHI",46,655.8,630.2,9.4,14.4,-0.3,0.3,-0.1,1.2,1.1,0.2
"NICK.PALMIERI","F","20102011","N.J",43,615.9,575.3,23.8,0,5.3,0.1,0,0.8,6.2,1.2
"NICK.SCHULTZ","D","20102011","MIN",74,1496.3,1259.5,20.6,200.3,6.5,0.2,0.7,0.1,7.5,1.4
"NICK.SPALING","F","20102011","NSH",74,1030.8,814.7,9.7,196.3,-3.4,0.1,1.2,1.1,-1.1,-0.2
"NICLAS.BERGFORS","F","20102011","ATL",52,735.5,636.1,94.3,0.4,-0.1,1.5,0,0.3,1.7,0.3
"NICLAS.BERGFORS","F","20102011","FLA",20,326.3,293.3,28.2,0.6,1.1,-0.3,0,0.1,0.9,0.2
"NICLAS.WALLIN","D","20102011","S.J",74,1171.9,1044.1,8.4,109.6,-5.8,-0.1,-1.1,-1.1,-8,-1.5
"NIGEL.DAWES","F","20102011","ATL",9,100.7,99.2,1.1,0.3,-0.7,0,0,0.1,-0.7,-0.1
"NIK.ANTROPOV","F","20102011","ATL",76,1189.5,975.2,192.3,1.4,1.5,1.7,0,-2.2,1,0.2
"NIKITA.FILATOV","F","20102011","CBJ",23,283.1,221.4,59.4,0,-0.5,-1,0,0.4,-1.2,-0.2
"NIKITA.NIKITIN","D","20102011","STL",41,672.1,550.1,52.7,65.7,0.1,1.6,0.7,0.6,3,0.6
"NIKLAS.HAGMAN","F","20102011","CGY",71,968.5,831.5,120.6,1.1,-0.2,-0.2,0,2.4,2.1,0.4
"NIKLAS.HJALMARSSON","D","20102011","CHI",80,1477.7,1285.4,8.2,167.7,1,-0.1,1.7,1.2,3.9,0.7
"NIKLAS.KRONWALL","D","20102011","DET",77,1758.2,1317.9,198.5,223.8,4.6,5,1.4,1.4,12.5,2.4
"NIKOLAY.KULEMIN","F","20102011","TOR",82,1418.1,1103.8,214.9,75.2,8,-0.5,-0.1,1.4,8.8,1.7
"NIKOLAY.ZHERDEV","F","20102011","PHI",56,720,653.2,58.9,0.8,0.3,0.5,0,0.8,1.6,0.3
"NINO.NIEDERREITER","F","20102011","NYI",9,122.3,113,8,0.2,-1.6,-0.2,0,0.1,-1.7,-0.3
"NOLAN.YONKMAN","D","20102011","ARI",16,194,156.8,0.2,36.5,3.2,0,0,-0.4,2.7,0.5
"OLIVER.EKMAN-LARSSON","D","20102011","ARI",48,714.8,628.3,46.3,43.8,4.7,-0.1,0.9,0.5,6,1.1
"OLIVIER.MAGNAN","D","20102011","N.J",18,282.8,242,0.8,39.1,-1.3,0,-1.6,0,-2.9,-0.6
"OLLI.JOKINEN","F","20102011","CGY",79,1404.4,1111.9,243.8,13.1,-2.2,5.6,0.1,2.3,5.7,1.1
"OSCAR.MOLLER","F","20102011","L.A",13,189.7,158.3,30.4,0.8,0.2,-0.9,0,0.4,-0.3,-0.1
"OSKARS.BARTULIS","D","20102011","PHI",13,169.3,166.3,0.1,1.8,-3.7,0,0,0.3,-3.4,-0.6
"P.A..PARENTEAU","F","20102011","NYI",81,1475.5,1168.8,279.9,3.6,4.6,2.1,0,0.7,7.4,1.4
"PASCAL.DUPUIS","F","20102011","PIT",81,1364.7,1121.4,35.7,194.3,0.3,-0.5,1.1,-1.4,-0.5,-0.1
"PATRICE.BERGERON","F","20102011","BOS",80,1430.7,1018.7,216.3,161.2,7.7,2,-1.6,-0.4,7.8,1.5
"PATRICE.CORMIER","F","20102011","ATL",21,202.5,195.3,4.6,1,-1.2,0,0,0.8,-0.5,-0.1
"PATRIC.HORNQVIST","F","20102011","NSH",79,1240.3,1008.2,217,0.8,9.5,0.6,0,2.3,12.3,2.4
"PATRICK.DWYER","F","20102011","CAR",80,1007.4,824.7,11.8,160.3,-1.7,0.1,-0.2,1.1,-0.7,-0.1
"PATRICK.EAVES","F","20102011","DET",63,799.9,612.2,14.6,169.1,-3.3,0.2,1.9,1.4,0.3,0.1
"PATRICK.KALETA","F","20102011","BUF",51,519.5,478.2,6,32.4,1,0,0.2,0.6,1.7,0.3
"PATRICK.KANE","F","20102011","CHI",73,1404.7,1139.2,231.4,3.5,8.5,2,0,1.8,12.3,2.3
"PATRICK.MARLEAU","F","20102011","S.J",82,1704.8,1234.5,272.1,161.1,7,4.5,-1.1,1.7,12.1,2.3
"PATRICK.O'SULLIVAN","F","20102011","CAR",10,88.6,73.2,10.8,0,-1.1,-0.3,0,-0.2,-1.5,-0.3
"PATRICK.O'SULLIVAN","F","20102011","MIN",21,289.2,245.7,41.7,0,-0.5,0.4,0,0.3,0.2,0
"PATRICK.RISSMILLER","F","20102011","FLA",9,90.5,89.1,0.6,0.7,0.7,0,0,0,0.8,0.2
"PATRICK.SHARP","F","20102011","CHI",74,1434,1065.7,243.7,91,3.1,3.5,0.7,-0.5,6.7,1.3
"PATRICK.WIERCIOCH","D","20102011","OTT",8,111.2,101.3,8.2,0.1,2.1,0.1,0,-0.2,2.1,0.4
"PATRIK.BERGLUND","F","20102011","STL",81,1392.4,1099.1,232.3,39.9,4.7,-0.1,0.6,0.9,6.2,1.2
"PATRIK.ELIAS","F","20102011","N.J",81,1509.7,1081.8,219.8,168.7,13.7,2.6,2.2,1.4,19.9,3.8
"PAUL.BISSONNETTE","F","20102011","ARI",48,252.3,250.1,0.9,0.2,0.6,0,0,0.5,1.2,0.2
"PAUL.BYRON","F","20102011","BUF",8,87.6,85.3,0.7,1.6,1.5,0,0,0.5,2,0.4
"PAUL.GAUSTAD","F","20102011","BUF",81,1217.7,983.1,63.1,162.4,5.1,-0.7,1.7,-1.9,4.1,0.8
"PAUL.MARA","D","20102011","ANA",33,665.7,545.8,41.8,73.5,-5.8,-1.5,-1.5,-1.3,-10.1,-1.9
"PAUL.MARA","D","20102011","MTL",20,303.1,245.1,5.3,51.8,-0.6,0,-0.8,-0.5,-1.9,-0.4
"PAUL.MARTIN","D","20102011","PIT",77,1799.2,1334.4,232.3,209.7,5.1,0.1,2.2,1.9,9.2,1.8
"PAUL.STASTNY","F","20102011","COL",74,1456.4,1116.6,222.5,74.9,8,1.8,-2.9,-1.6,5.2,1
"PAVEL.DATSYUK","F","20102011","DET",56,1082.1,847.9,175.7,37.1,11.3,-0.2,1.3,2.9,15.2,2.9
"PAVEL.KUBINA","D","20102011","T.B",79,1512.9,1242.9,186.7,75.9,2.8,-0.9,0.3,-0.6,1.6,0.3
"PETER.HARROLD","D","20102011","L.A",19,232.9,217.6,11.9,0.9,3,0.1,0,0,3.1,0.6
"PETER.REGIN","F","20102011","OTT",55,736.1,672.4,55.2,3.2,6.1,-0.5,0,1.5,7.1,1.4
"PETER.SCHAEFER","F","20102011","VAN",16,154.8,118.8,0.8,27.9,-1.3,0,-1.3,0.2,-2.4,-0.4
"PETR.PRUCHA","F","20102011","ARI",11,126.1,119.6,1.2,4.7,-0.3,0,-0.1,-0.3,-0.7,-0.1
"PHILIP.LARSEN","D","20102011","DAL",6,80.6,61,19.1,0,1.8,-0.3,0,0.9,2.4,0.5
"PHILIP.MCRAE","F","20102011","STL",15,135.6,131.8,3.4,0,-2.7,0,0,0.1,-2.7,-0.5
"PHILIPPE.DUPUIS","F","20102011","COL",74,674.4,546.8,3.8,117.7,0.9,0,1.5,0.2,2.5,0.5
"PHIL.KESSEL","F","20102011","TOR",82,1610,1257.7,304.4,9.5,2.4,1.4,0.1,2.2,6,1.2
"PIERRE-MARC.BOUCHARD","F","20102011","MIN",59,927.1,751.8,159.3,2,6.6,-0.3,0,0.5,6.8,1.3
"P.K..SUBBAN","D","20102011","MTL",77,1709.6,1264.2,235.5,192.7,1.6,2.2,1,0.4,5.2,1
"RADEK.DVORAK","F","20102011","ATL",13,183.7,158.7,1.6,22.2,0.1,0,-0.1,0.4,0.4,0.1
"RADEK.DVORAK","F","20102011","FLA",53,877.4,730.2,12.8,123.5,1.7,-0.2,1.8,0.5,3.7,0.7
"RADEK.MARTINEK","D","20102011","NYI",64,1334.2,1121.1,36,165.3,-0.4,0.7,-0.8,0,-0.5,-0.1
"RADIM.VRBATA","F","20102011","ARI",79,1291.6,1016.4,252.8,8.4,3.4,3.1,0,-0.1,6.3,1.2
"RAFFI.TORRES","F","20102011","VAN",80,999.1,913.6,73.5,0.3,1.6,0.8,0,-1.3,1.1,0.2
"RANDY.JONES","D","20102011","T.B",61,1040.5,844.4,12.6,175.6,2,0.1,1.7,2.1,5.9,1.1
"RAY.WHITNEY","F","20102011","ARI",75,1271.6,990.5,258.4,1.1,3.6,4.1,0,0.9,8.6,1.6
"RENE.BOURQUE","F","20102011","CGY",80,1419.2,1061.8,235.4,83.8,-2.4,0.9,-0.3,-2,-3.9,-0.7
"RICH.PEVERLEY","F","20102011","ATL",59,1134.2,840.8,182.3,91.9,-4.6,2.3,-0.6,1.4,-1.5,-0.3
"RICH.PEVERLEY","F","20102011","BOS",23,363,290.3,25.6,42.9,1.7,-1.3,0.6,0.1,1.1,0.2
"RICK.NASH","F","20102011","CBJ",75,1419.5,1096,270.8,20.6,5.9,-0.8,-0.5,2.7,7.2,1.4
"R.J..UMBERGER","F","20102011","CBJ",82,1575,1113.7,266.2,160.4,7.4,-0.2,-2.4,2.9,7.8,1.5
"ROB.NIEDERMAYER","F","20102011","BUF",71,898.6,832.1,10.1,57.3,0.3,-0.1,0.4,-0.7,-0.1,0
"ROB.SCHREMP","F","20102011","ATL",18,207.6,179.5,26.2,0,1,-0.1,0,0.2,1.2,0.2
"ROB.SCHREMP","F","20102011","NYI",45,677.1,583.4,83.9,0.5,-2.8,-0.1,0,1.5,-1.4,-0.3
"ROB.SCUDERI","D","20102011","L.A",82,1663.8,1416.4,5.4,226.6,1.5,0,-0.1,2,3.4,0.6
"ROBYN.REGEHR","D","20102011","CGY",79,1697.1,1399.7,18.6,251.9,2.8,1.4,-1.2,0,3,0.6
"ROD.PELLEY","F","20102011","N.J",74,873.8,747.7,10.2,102.6,-1.8,0,-0.6,-0.2,-2.6,-0.5
"ROMAN.HAMRLIK","D","20102011","MTL",79,1760.2,1389.3,201.7,151.6,1.3,2.2,-2.2,-3,-1.7,-0.3
"ROMAN.POLAK","D","20102011","STL",55,1089.4,961.1,5.1,120.6,-2.3,0,-0.1,-0.5,-2.9,-0.6
"ROMAN.WICK","F","20102011","OTT",7,60.4,60.3,0,0.1,-1.6,0,0,0.1,-1.5,-0.3
"RON.HAINSEY","D","20102011","ATL",82,1483,1287.8,38,148,6.1,-0.6,-1.9,0.8,4.4,0.8
"ROSTISLAV.KLESLA","D","20102011","ARI",16,294.3,249,0.8,40.6,-1.1,0,0.1,-0.3,-1.3,-0.3
"ROSTISLAV.KLESLA","D","20102011","CBJ",45,869.1,708.3,3,150.6,5.1,0,-0.2,-0.5,4.4,0.8
"ROSTISLAV.OLESZ","F","20102011","FLA",44,610.6,511.5,49.8,41.3,5.3,-0.3,0.3,0.2,5.6,1.1
"RUSLAN.FEDOTENKO","F","20102011","NYR",66,986.5,853.7,51.5,71.5,3.1,1,-0.9,0.6,3.9,0.7
"RUSLAN.SALEI","D","20102011","DET",75,1347.4,1172.2,5.6,162.3,-0.6,0,2.2,-1.1,0.4,0.1
"RYAN.CALLAHAN","F","20102011","NYR",60,1192.4,813.9,199.4,132.4,3.5,4.1,-0.1,3.8,11.3,2.2
"RYAN.CARTER","F","20102011","ANA",18,193.3,175.9,2.3,13.8,0,0.1,-0.1,-0.2,-0.2,0
"RYAN.CARTER","F","20102011","CAR",32,265.9,219.5,0.7,43.8,-1.5,0,-1.1,-0.2,-2.8,-0.5
"RYAN.CARTER","F","20102011","FLA",12,162,131.8,0.9,27.3,0.3,0,0.5,-0.7,0.2,0
"RYANE.CLOWE","F","20102011","S.J",75,1347.1,1148.5,166.3,3.5,8.6,0.3,0,1.9,10.8,2.1
"RYAN.GETZLAF","F","20102011","ANA",67,1464.1,1162.8,232.2,30.8,10.3,3.5,0.9,0.7,15.4,2.9
"RYAN.JOHNSON","F","20102011","CHI",34,351.9,300.2,1.1,48,1.7,0,-0.2,-0.3,1.2,0.2
"RYAN.JONES","F","20102011","EDM",81,1119.9,864.2,67.4,171.1,2.1,1.9,-0.2,0.7,4.5,0.9
"RYAN.KESLER","F","20102011","VAN",82,1673.9,1135,295.6,204.9,9.6,5.5,-1.5,2.4,16,3.1
"RYAN.MALONE","F","20102011","T.B",54,865.3,639,174.5,41.6,6.8,6.4,0.5,0,13.7,2.6
"RYAN.MCDONAGH","D","20102011","NYR",40,747.4,668.2,4.8,59.9,6.9,0,1,0.5,8.4,1.6
"RYAN.O'BYRNE","D","20102011","COL",64,1305.8,1113.4,7.1,174.3,1.5,-0.1,-0.9,-3.8,-3.2,-0.6
"RYAN.O'MARRA","F","20102011","EDM",21,231.4,215.9,3,10.7,-0.1,0,-0.1,-0.3,-0.6,-0.1
"RYAN.O'REILLY","F","20102011","COL",74,1187.7,941.3,46,176.4,1.9,1,-0.6,1,3.3,0.6
"RYAN.REAVES","F","20102011","STL",28,190.6,187.3,2.2,0.4,0.6,0,0,-0.7,-0.1,0
"RYAN.SHANNON","F","20102011","OTT",79,1021.3,819.8,94.9,96.2,5.4,0.8,1,0.6,7.9,1.5
"RYAN.SMYTH","F","20102011","L.A",82,1470.1,1187.4,238.2,25.8,7.6,1.5,0.2,1.2,10.4,2
"RYAN.STOA","F","20102011","COL",25,333.6,290.6,39,0.1,-1.5,1.2,0,0,-0.4,-0.1
"RYAN.SUTER","D","20102011","NSH",70,1762.3,1351.2,238.1,139.7,10.1,3.9,-0.3,-1.2,12.5,2.4
"RYAN.WHITE","F","20102011","MTL",27,240.9,233.9,3.2,3.4,3.3,0,0,0.3,3.6,0.7
"RYAN.WHITNEY","D","20102011","EDM",35,885.5,623.1,147.3,93.6,6.4,1.1,-0.7,0.2,7,1.3
"RYAN.WILSON","D","20102011","COL",67,1327,1097.4,51.7,161.5,2,0.7,0.2,0.5,3.4,0.6
"SAKU.KOIVU","F","20102011","ANA",75,1435.2,1085.9,162,146.3,0.8,4,-0.9,-0.9,2.9,0.6
"SAM.GAGNER","F","20102011","EDM",68,1206.9,960.6,194.1,25.6,5.5,-0.9,-1.4,1.2,4.5,0.9
"SAMI.LEPISTO","D","20102011","ARI",51,847.2,730.8,2.7,107.9,6.6,0,-1.1,0.2,5.7,1.1
"SAMI.LEPISTO","D","20102011","CBJ",19,380.4,338.8,34.5,5,1.3,-1.3,0,0.1,0,0
"SAMI.SALO","D","20102011","VAN",27,549.3,410.2,51.3,76,-5.3,1.6,0.5,-0.4,-3.6,-0.7
"SAMUEL.PAHLSSON","F","20102011","CBJ",82,1257.8,1006.4,6,231.7,-0.6,0,-1.5,-0.5,-2.5,-0.5
"SCOTT.GOMEZ","F","20102011","MTL",80,1485.1,1176.8,213.3,76.8,-7.2,0.8,0.6,0.9,-5,-1
"SCOTT.HANNAN","D","20102011","COL",23,428.5,343.6,1.6,77.1,2.5,0,1.1,0.3,4,0.8
"SCOTT.HANNAN","D","20102011","WSH",55,1114.9,963.4,7.4,128.2,3.8,-0.1,1.5,0.1,5.3,1
"SCOTT.HARTNELL","F","20102011","PHI",82,1360.7,1112.1,226.3,5.7,6.3,-1.5,0.1,-2.1,2.7,0.5
"SCOTTIE.UPSHALL","F","20102011","ARI",61,819.5,743.6,61.3,5.8,4.7,-0.3,-0.1,0.2,4.5,0.9
"SCOTTIE.UPSHALL","F","20102011","CBJ",21,331,283.3,31.5,11.2,1.2,-0.7,-0.1,0.3,0.6,0.1
"SCOTT.NICHOL","F","20102011","S.J",56,545.3,441.4,1.2,97.7,-1,0,0.8,-0.2,-0.4,-0.1
"SCOTT.PARSE","F","20102011","L.A",5,69,59.8,9.1,0,2.9,0.2,0,0,3.1,0.6
"SCOTT.TIMMINS","F","20102011","FLA",19,205.5,168,0.3,36.7,-2.2,0,0.5,-0.7,-2.4,-0.5
"SEAN.AVERY","F","20102011","NYR",76,853.3,808.5,28.2,0.1,-1.9,-0.7,0,0,-2.7,-0.5
"SEAN.BERGENHEIM","F","20102011","T.B",80,1118.4,915.7,84.7,112,4.7,-0.8,1.3,0.3,5.5,1.1
"SEAN.O'DONNELL","D","20102011","PHI",81,1258.3,1122.9,3.9,128.3,-5.8,0,0.3,-0.5,-6,-1.1
"SERGEI.GONCHAR","D","20102011","OTT",67,1553.7,1160.8,262.6,104.6,1.8,3.2,-0.8,2,6.1,1.2
"SERGEI.KOSTITSYN","F","20102011","NSH",77,1168.8,978.1,144.1,26.7,4.4,3.4,1.1,0.4,9.3,1.8
"SERGEI.SAMSONOV","F","20102011","CAR",58,815.5,662.6,144.2,0.2,2.2,1.2,0,-0.1,3.3,0.6
"SERGEI.SAMSONOV","F","20102011","FLA",20,382.4,312.4,61.6,4.1,-0.5,-0.1,-0.1,0.8,0.2,0
"SHANE.DOAN","F","20102011","ARI",72,1386.7,1055.1,268.4,36.9,3.9,0.4,0.6,-1.2,3.7,0.7
"SHANE.O'BRIEN","D","20102011","NSH",80,1363.5,1128,6.1,224.1,-1.3,0,1.7,-1.2,-0.8,-0.2
"SHAONE.MORRISONN","D","20102011","BUF",62,1002.7,874.5,6.2,115.1,1,0,-0.7,-0.4,-0.2,0
"SHAWN.BELLE","D","20102011","COL",4,72.1,63.7,0.7,7.5,2,0,0,-0.1,1.9,0.4
"SHAWN.BELLE","D","20102011","EDM",5,82.2,75.4,0.9,5.8,-0.8,0,0.1,0,-0.7,-0.1
"SHAWN.HORCOFF","F","20102011","EDM",47,878.2,664,127.1,72.5,-2,0.7,0.1,-0.6,-1.9,-0.4
"SHAWN.MATTHIAS","F","20102011","FLA",51,603.8,558.3,32.9,7.2,4,-0.3,0,0.8,4.5,0.9
"SHAWN.THORNTON","F","20102011","BOS",79,796.4,782.3,10.4,1.6,-1.3,-0.2,0,-0.1,-1.6,-0.3
"SHEA.WEBER","D","20102011","NSH",82,2074.4,1570.1,297.5,170.7,7.2,1.3,1.1,0.5,10.1,1.9
"SHELDON.BROOKBANK","D","20102011","ANA",40,533.1,446.4,1.1,84.2,-2.9,0,-1.1,0.4,-3.6,-0.7
"SIDNEY.CROSBY","F","20102011","PIT",41,898.5,636.1,219.5,17.9,10.1,2.7,0.1,2.8,15.7,3
"SIMON.GAGNE","F","20102011","T.B",63,1064.1,841.6,195.1,12.9,-1,2,0,0.5,1.4,0.3
"SPENCER.MACHACEK","F","20102011","ATL",10,76.8,76.2,0,0.2,-1.2,0,0,0,-1.2,-0.2
"STEFAN.MEYER","F","20102011","CGY",16,124,115,0.6,8.4,2,0,0.1,0.9,2.9,0.6
"STEPHANE.ROBIDAS","D","20102011","DAL",81,1987.2,1446.4,228.8,262.6,10.4,2.6,1.6,1.2,15.7,3
"STEPHEN.GIONTA","F","20102011","N.J",12,108,88.7,0.4,19,-1.1,0,0.2,0.2,-0.7,-0.1
"STEPHEN.WEISS","F","20102011","FLA",76,1517.3,1100.6,261.4,124.2,4.3,1,-0.1,-0.9,4.3,0.8
"STEVE.BERNIER","F","20102011","FLA",68,886.1,722.5,87.6,61.6,-1.3,-0.1,0.6,-0.8,-1.7,-0.3
"STEVE.DOWNIE","F","20102011","T.B",57,827.4,692,128.8,1.1,8.6,0.4,0,-0.4,8.6,1.6
"STEVE.EMINGER","D","20102011","NYR",65,1028.4,918.5,19.9,85.6,-1.1,-0.2,-1.3,1.7,-1,-0.2
"STEVE.MACINTYRE","F","20102011","EDM",34,120.2,118.7,1.1,0,-0.3,0,0,-1.8,-2.2,-0.4
"STEVE.MONTADOR","D","20102011","BUF",73,1430.4,1242.7,29.2,150.3,6.9,-0.2,1.5,-0.1,8.2,1.6
"STEVEN.KAMPFER","D","20102011","BOS",38,673.8,596,70.8,6.3,5.6,-0.3,-0.1,0.9,6.1,1.2
"STEVEN.STAMKOS","F","20102011","T.B",82,1655.3,1233.3,370.7,26.6,12.2,5.9,-0.5,3.9,21.5,4.1
"STEVE.OTT","F","20102011","DAL",82,1405.3,1020.5,185.5,164.8,3.7,0.6,0.3,-1.4,3.2,0.6
"STEVE.REINPRECHT","F","20102011","FLA",29,341.3,309.7,14.4,13.7,2.8,0.3,-0.1,0.3,3.2,0.6
"STEVE.STAIOS","D","20102011","CGY",39,574,529.3,8.7,24.3,5.4,-0.1,-0.4,0.9,5.8,1.1
"STEVE.SULLIVAN","F","20102011","NSH",44,705.4,551.9,119.3,25.9,2.9,-1,-0.5,-0.8,0.6,0.1
"TANNER.GLASS","F","20102011","VAN",73,651.2,561.5,6.6,75.8,-4.5,0,-0.7,0.2,-5,-0.9
"TAYLOR.CHORNEY","D","20102011","EDM",12,191.8,161.3,21.8,8,-1.4,1,0,0.2,-0.3,0
"TAYLOR.HALL","F","20102011","EDM",65,1183.5,977.4,170.4,1.8,2.1,-1.2,0,5.3,6.2,1.2
"TAYLOR.PYATT","F","20102011","ARI",76,1178.3,989.9,83.9,85.5,3.9,-0.7,-1.2,0,2,0.4
"TEDDY.PURCELL","F","20102011","T.B",81,1139.9,913.1,223,1.8,7,9.4,0,0.8,17.2,3.3
"TEEMU.HARTIKAINEN","F","20102011","EDM",12,208.9,172.9,31,0.2,-0.2,1.3,0,1.2,2.3,0.4
"TEEMU.SELANNE","F","20102011","ANA",73,1309.5,1035.5,244.8,1.6,7.3,5.6,0,-0.5,12.4,2.4
"THEO.PECKHAM","D","20102011","EDM",71,1320.2,1127.3,7.4,178.1,-3.9,-0.1,-1.9,-1.2,-7.2,-1.4
"THOMAS.VANEK","F","20102011","BUF",80,1387.7,1101.2,258.4,3.8,7.6,5.4,0,3.4,16.4,3.1
"TIM.BRENT","F","20102011","TOR",79,920.4,692.9,57.9,154.6,-1.1,2.1,-0.6,-0.2,0.2,0
"TIM.CONNOLLY","F","20102011","BUF",68,1149.3,826.3,190.7,116.2,0.3,1.9,-0.4,0.6,2.4,0.5
"TIM.GLEASON","D","20102011","CAR",82,1715.2,1392,83.6,216.3,-6.6,-1.9,-2,1.9,-8.5,-1.6
"TIM.JACKMAN","F","20102011","CGY",82,800.5,726.3,62.6,10.2,3.7,1.3,-0.1,0.8,5.8,1.1
"TIM.KENNEDY","F","20102011","FLA",6,62.3,61.2,1.1,0,-0.3,0,0,0,-0.3,-0.1
"TIM.SESTITO","F","20102011","N.J",36,389.5,355.2,6.2,26.9,-1.7,0,0,1,-0.6,-0.1
"TIM.STAPLETON","F","20102011","ATL",45,499.9,475.8,12.9,7.5,0.5,0.2,0,-0.1,0.6,0.1
"T.J..GALIARDI","F","20102011","COL",35,565,464.1,25.7,66.6,0.7,0.1,-0.9,1.8,1.6,0.3
"T.J..HENSICK","F","20102011","STL",13,118.1,113.7,4.3,0.1,-0.2,0.1,0,-0.1,-0.3,-0.1
"T.J..OSHIE","F","20102011","STL",49,940.2,701.9,126.7,92.2,4.3,1.3,1,3.5,10.1,1.9
"TOBIAS.ENSTROM","D","20102011","ATL",72,1705.4,1297,322.7,55.5,3.4,4.8,-1.6,-0.2,6.4,1.2
"TOBY.PETERSEN","F","20102011","DAL",60,599.4,492.3,5,102.2,-0.3,0,0.8,0,0.6,0.1
"TODD.BERTUZZI","F","20102011","DET",81,1292.5,1140.8,127.7,0.8,1.8,-0.2,0,-1.6,-0.1,0
"TODD.MARCHANT","F","20102011","ANA",79,1049.1,749.5,3.2,280.1,-5.9,0.1,-0.2,-0.2,-6.3,-1.2
"TODD.WHITE","F","20102011","NYR",18,138.2,125.6,7.9,4.2,-3.6,-0.1,0,0,-3.7,-0.7
"TOMAS.FLEISCHMANN","F","20102011","COL",22,406.4,337.7,60.5,0.9,1.5,0.1,0,0.3,1.8,0.4
"TOMAS.FLEISCHMANN","F","20102011","WSH",22,317.1,257.4,48.2,8.7,0.4,-0.3,0.1,0,0.2,0
"TOMAS.HOLMSTROM","F","20102011","DET",73,1080.7,840.4,224.7,0.6,0.9,4.5,0,0.4,5.8,1.1
"TOMAS.KABERLE","D","20102011","BOS",24,510,417.4,77.7,10.3,0.3,-0.4,0.1,1.1,1.1,0.2
"TOMAS.KABERLE","D","20102011","TOR",58,1303.1,1008.5,253.2,13.9,5,3.8,-0.1,0.8,9.5,1.8
"TOMAS.KOPECKY","F","20102011","CHI",81,1240.7,978.2,202.2,32.2,3.4,2.5,0.7,-1.3,5.2,1
"TOMAS.PLEKANEC","F","20102011","MTL",77,1558.8,1087.6,221.6,215.6,7.5,2,-0.1,-0.3,9.1,1.7
"TOMAS.TATAR","F","20102011","DET",9,86.4,85.4,1,0,0.6,0,0,0.1,0.7,0.1
"TOMAS.VINCOUR","F","20102011","DAL",24,226.3,220.2,3.4,0.2,-2.6,0,0,0.4,-2.2,-0.4
"TOM.GILBERT","D","20102011","EDM",79,1935,1405.1,231.6,262.4,2.2,-1.5,-0.7,0.2,0.2,0
"TOM.KOSTOPOULOS","F","20102011","CAR",17,181.5,145.3,2.8,26.1,0.4,0,-0.9,-0.2,-0.7,-0.1
"TOM.KOSTOPOULOS","F","20102011","CGY",59,745.9,620.1,16.1,101.3,1.6,1.3,-1.1,-0.3,1.6,0.3
"TOM.POTI","D","20102011","WSH",21,385.6,300.9,28.7,52.9,0.9,0.2,0,0,1.1,0.2
"TOM.PYATT","F","20102011","MTL",61,648.4,508.7,2.6,133.2,-1.3,0,0.4,0.9,0,0
"TOM.SESTITO","F","20102011","CBJ",9,85.8,73.1,12.1,0,-0.8,0.3,0,-0.2,-0.6,-0.1
"TOM.WANDELL","F","20102011","DAL",75,881.7,785.2,13.6,73,1.4,-0.3,0.3,2.4,3.8,0.7
"TONI.LYDMAN","D","20102011","ANA",78,1729.4,1367.6,46.4,286.6,10.7,2.4,2.4,-0.9,14.7,2.8
"TORREY.MITCHELL","F","20102011","S.J",66,880.9,791.8,9.4,69,5.1,-0.2,-0.1,-0.8,4,0.8
"TRAVIS.HAMONIC","D","20102011","NYI",62,1337.5,1067,122.1,132.8,1.9,-0.4,0.2,0.6,2.3,0.4
"TRAVIS.MOEN","F","20102011","MTL",79,1042,843.8,5.1,182.3,-2.4,0,-0.5,1.5,-1.4,-0.3
"TRAVIS.ZAJAC","F","20102011","N.J",82,1622.2,1204,209.4,168.8,3.3,-0.2,0.8,1,4.9,0.9
"TRENT.HUNTER","F","20102011","NYI",17,215.2,188.3,20.6,2,-0.8,0,0,-1.2,-2,-0.4
"TREVOR.DALEY","D","20102011","DAL",82,1843.8,1506.2,158.8,150.4,1.2,1.5,0.1,1.7,4.5,0.9
"TREVOR.GILLIES","F","20102011","NYI",39,119.7,116.5,2.6,0,-0.7,0,0,-1.6,-2.3,-0.4
"TREVOR.LEWIS","F","20102011","L.A",72,827.2,690.9,3.8,127.4,-2.1,0,1.4,1.5,0.8,0.1
"TROY.BODIE","F","20102011","ANA",9,87.5,68,0,19.3,-1.1,0,0.1,0,-1,-0.2
"TROY.BODIE","F","20102011","CAR",50,315.5,308.7,0.9,5.2,-2.1,0,0,0.1,-2,-0.4
"TROY.BROUWER","F","20102011","CHI",79,1183,959.8,164,46.5,2.9,3,-0.5,2.1,7.6,1.5
"TUOMO.RUUTU","F","20102011","CAR",81,1362.9,1079.8,250.7,6.1,5.8,2.2,0,1.8,9.8,1.9
"TYLER.BOZAK","F","20102011","TOR",82,1581,1167.3,241.1,147.2,-2.5,0.4,-1.3,3.3,0,0
"TYLER.ENNIS","F","20102011","BUF",82,1285.1,1084.8,182.9,2.8,5.7,2.9,0,1.3,9.9,1.9
"TYLER.KENNEDY","F","20102011","PIT",80,1162.1,996.5,150,2.8,-0.6,2.9,0,1,3.4,0.6
"TYLER.MYERS","D","20102011","BUF",80,1792.7,1334,221.2,215.3,5.2,2.6,-0.3,0,7.5,1.4
"TYLER.SEGUIN","F","20102011","BOS",74,903.5,798.5,100.9,2,-2.3,-0.2,0,0.3,-2.3,-0.4
"TYLER.SLOAN","D","20102011","WSH",33,408.4,396.2,0.2,10.1,-1.7,0,-0.2,0.3,-1.6,-0.3
"TYSON.STRACHAN","D","20102011","STL",29,352.1,322.9,5.1,23,-3.6,0,-1.2,1,-3.8,-0.7
"TY.WISHART","D","20102011","NYI",20,336.4,295.2,10,28.7,3.8,0.3,0.4,-0.3,4.3,0.8
"VALTTERI.FILPPULA","F","20102011","DET",71,1186.9,979.3,143.8,46.8,4.6,0.7,-0.5,2.2,7,1.3
"VERNON.FIDDLER","F","20102011","ARI",71,1102.7,873,9.9,202,0.1,0.1,-2,1.9,0,0
"VICTOR.HEDMAN","D","20102011","T.B",79,1659.6,1351.4,129.8,157.9,10.4,-1.1,1.5,-1.4,9.5,1.8
"VICTOR.ORESKOVICH","F","20102011","VAN",16,126.4,125.2,0.8,0,0.2,0,0,-0.7,-0.5,-0.1
"VIKTOR.STALBERG","F","20102011","CHI",77,812.1,799.4,16,1.1,5.9,-0.2,0,1,6.7,1.3
"VILLE.LEINO","F","20102011","PHI",81,1297.1,1096.4,186.2,0.8,4.4,-1.1,0,2,5.2,1
"VINCENT.LECAVALIER","F","20102011","T.B",65,1198.9,910.4,257.4,13.6,1.5,0.2,-0.1,1.7,3.4,0.6
"VINNY.PROSPAL","F","20102011","NYR",29,444.6,342.4,89.7,0.1,3.3,2.3,0,-0.1,5.5,1.1
"VLADIMIR.SOBOTKA","F","20102011","STL",65,1051.5,847.2,54.3,130.8,2.1,2,1.1,1.1,6.3,1.2
"VLADIMIR.ZHARKOV","F","20102011","N.J",38,430.6,381.5,17.1,21.3,0.2,-0.5,0.4,0.4,0.6,0.1
"WARREN.PETERS","F","20102011","MIN",11,95.8,94.6,0.4,0.6,-0.9,0,0,-0.1,-1,-0.2
"WAYNE.SIMMONDS","F","20102011","L.A",80,1076.4,994.1,67.5,6.4,1.4,-0.5,0.1,0.9,1.9,0.4
"WILLIE.MITCHELL","D","20102011","L.A",57,1243.5,1028.2,5.6,192,5,0,2,2.5,9.5,1.8
"WOJTEK.WOLSKI","F","20102011","ARI",36,528.8,457.4,68.8,0.4,0.5,-1.2,0,0.7,-0.1,0
"WOJTEK.WOLSKI","F","20102011","NYR",37,535.6,438.5,81.4,0,2.1,-0.5,0,0.3,1.8,0.3
"YANNICK.WEBER","D","20102011","MTL",41,679,555.7,76.3,43.4,-2.3,1.1,-0.9,0.9,-1.3,-0.2
"YANN.SAUVE","D","20102011","VAN",5,65,63,0.2,1.7,-0.4,0,0,0,-0.4,-0.1
"ZAC.DALPE","F","20102011","CAR",15,115.6,113.2,0.9,0.7,1.3,0,0,0.3,1.5,0.3
"ZACH.BOGOSIAN","D","20102011","ATL",71,1590.7,1288.5,140.4,142.9,-8.6,0.9,-1.2,1.5,-7.4,-1.4
"ZACH.BOYCHUK","F","20102011","CAR",23,246.6,227.9,18,0.2,-0.2,-0.2,0,0.7,0.4,0.1
"ZACH.PARISE","F","20102011","N.J",13,258.1,197.3,45.2,11.7,1.9,-0.9,-0.1,0.3,1.3,0.3
"ZACK.SMITH","F","20102011","OTT",55,693.3,607.4,23.9,57.3,-1.4,-1,0.1,-3.5,-5.8,-1.1
"ZACK.STORTINI","F","20102011","EDM",32,226.9,222.9,2,0,2.3,0,0,0.3,2.6,0.5
"ZBYNEK.MICHALEK","D","20102011","PIT",73,1594.2,1218.6,87.1,272.5,0.9,1.2,4.3,1,7.3,1.4
"ZDENO.CHARA","D","20102011","BOS",81,2051.7,1538.9,253.9,224.1,5.4,2.3,1.8,1.8,11.3,2.2
"ZENON.KONOPKA","F","20102011","NYI",82,831.9,683.3,16,125.1,-2.8,-0.4,-2,-1.9,-7.1,-1.4
