"player","position","season","Team","GP","TOI_EV","TOI_perc_EV","SPM_EVO_60","SPM_EVO_AA_60","team_EV_GF","team_skaters_EV","adj_EVO_60","SPM_EVO_AA","adj_EVO_total","EVO_AA"
"AARON.GAGNON","F","20112012","WPG",7,65.7,1.6,-1.398,-1.411,0.06,4.97,0.024,-1.54,0.03,-1.5
"AARON.JOHNSON","D","20112012","CBJ",56,793.1,20.1,0.11,0.122,-0.14,4.96,-0.051,1.61,-0.68,0.9
"AARON.NESS","D","20112012","NYI",9,149.2,3.6,-0.387,-0.375,-0.22,4.97,-0.07,-0.93,-0.17,-1.1
"AARON.PALUSHAJ","F","20112012","MTL",38,282.7,7.2,-0.038,-0.052,-0.06,4.96,-0.02,-0.25,-0.09,-0.3
"AARON.ROME","D","20112012","VAN",43,598.7,14.8,-0.501,-0.49,0.13,4.95,0.056,-4.89,0.56,-4.3
"AARON.VOLPATTI","F","20112012","VAN",23,202.9,5,-0.358,-0.372,0.13,4.95,0.045,-1.26,0.15,-1.1
"ADAM.BURISH","F","20112012","DAL",65,689.8,17.2,-0.059,-0.073,-0.01,4.96,-0.002,-0.84,-0.02,-0.9
"ADAM.HALL","F","20112012","T.B",57,499.6,12.4,-0.359,-0.373,0.21,4.97,0.078,-3.11,0.65,-2.5
"ADAM.HENRIQUE","F","20112012","N.J",74,1079.2,26.5,0.303,0.289,-0.1,4.97,-0.048,5.19,-0.86,4.3
"ADAM.LARSSON","D","20112012","N.J",65,1194.5,29.3,0.051,0.062,-0.1,4.97,-0.036,1.24,-0.72,0.5
"ADAM.MCQUAID","D","20112012","BOS",72,994.9,24.3,-0.088,-0.076,0.36,4.97,0.118,-1.26,1.96,0.7
"ADAM.PARDY","D","20112012","DAL",36,556.5,13.8,-0.069,-0.057,-0.01,4.96,-0.003,-0.53,-0.03,-0.6
"ADRIAN.AUCOIN","D","20112012","ARI",62,1075.5,27.1,0.003,0.015,0.06,4.96,0.018,0.26,0.32,0.6
"ALEC.MARTINEZ","D","20112012","L.A",51,650,16.3,-0.026,-0.014,-0.25,4.96,-0.08,-0.16,-0.86,-1
"ALES.HEMSKY","F","20112012","EDM",69,1037.6,26,-0.248,-0.262,-0.08,4.97,-0.01,-4.53,-0.18,-4.7
"ALEX.BURMISTROV","F","20112012","WPG",76,1017.4,25.3,-0.077,-0.091,0.06,4.97,0.024,-1.55,0.4,-1.1
"ALEX.BURROWS","F","20112012","VAN",80,1129.7,28,0.109,0.096,0.13,4.95,0.036,1.8,0.68,2.5
"ALEX.EDLER","D","20112012","VAN",82,1463.2,36.3,0.012,0.024,0.13,4.95,0.04,0.58,0.97,1.6
"ALEXEI.EMELIN","D","20112012","MTL",67,1050.6,26.7,-0.174,-0.162,-0.06,4.96,-0.012,-2.84,-0.21,-3
"ALEXEI.PONIKAROVSKY","F","20112012","CAR",49,596.8,14.8,-0.486,-0.5,-0.12,4.96,-0.023,-4.97,-0.23,-5.2
"ALEXEI.PONIKAROVSKY","F","20112012","N.J",33,466.5,11.4,0.247,0.234,-0.1,4.97,-0.038,1.82,-0.29,1.5
"ALEX.GIROUX","F","20112012","CBJ",9,89.3,2.3,0.512,0.498,-0.14,4.96,-0.049,0.74,-0.07,0.7
"ALEX.GOLIGOSKI","D","20112012","DAL",71,1275.3,31.7,0.152,0.164,-0.01,4.96,-0.015,3.48,-0.32,3.2
"ALEX.OVECHKIN","F","20112012","WSH",78,1233.3,30.2,0.176,0.162,0.02,4.97,-0.004,3.33,-0.09,3.2
"ALEX.PICARD","D","20112012","PIT",17,210.1,5.2,0.531,0.542,0.36,4.96,0.111,1.9,0.39,2.3
"ALEX.PIETRANGELO","D","20112012","STL",80,1464.5,36.8,-0.045,-0.033,-0.1,4.95,-0.031,-0.81,-0.77,-1.6
"ALEX.RADULOV","F","20112012","NSH",9,158.5,3.8,0.642,0.628,0.05,4.97,0.01,1.66,0.03,1.7
"ALEX.SEMIN","F","20112012","WSH",77,1077.9,26.4,0.328,0.314,0.02,4.97,-0.011,5.65,-0.2,5.4
"ALEX.STEEN","F","20112012","STL",43,623.3,15.6,0.714,0.701,-0.1,4.95,-0.056,7.28,-0.58,6.7
"ALEX.SULZER","D","20112012","BUF",15,274.9,6.7,0.632,0.644,-0.02,4.96,-0.015,2.95,-0.07,2.9
"ALEX.SULZER","D","20112012","VAN",12,180.5,4.5,0.33,0.342,0.13,4.95,0.039,1.03,0.12,1.1
"ALEX.TANGUAY","F","20112012","CGY",64,898.4,21.9,0.443,0.43,-0.1,4.96,-0.053,6.43,-0.79,5.6
"ALEX.URBOM","D","20112012","N.J",5,64.9,1.6,1.408,1.42,-0.1,4.97,-0.037,1.54,-0.04,1.5
"ANDREAS.ENGQVIST","F","20112012","MTL",12,65.9,1.7,-0.537,-0.551,-0.06,4.96,-0.019,-0.61,-0.02,-0.6
"ANDREAS.LILJA","D","20112012","PHI",46,583.8,15,-0.267,-0.255,0.26,4.95,0.091,-2.48,0.89,-1.6
"ANDREAS.NODL","F","20112012","CAR",48,566.8,14,-0.592,-0.606,-0.12,4.96,-0.021,-5.73,-0.19,-5.9
"ANDREAS.NODL","F","20112012","PHI",12,98.3,2.5,-1.25,-1.264,0.26,4.95,0.09,-2.07,0.15,-1.9
"ANDREI.KOSTITSYN","F","20112012","MTL",53,702.1,17.8,0.199,0.185,-0.06,4.96,-0.027,2.16,-0.32,1.8
"ANDREI.KOSTITSYN","F","20112012","NSH",19,253.5,6.1,0.687,0.673,0.05,4.97,0.006,2.84,0.03,2.9
"ANDREI.LOKTIONOV","F","20112012","L.A",39,455.8,11.5,-0.228,-0.242,-0.25,4.96,-0.074,-1.83,-0.57,-2.4
"ANDREI.MARKOV","D","20112012","MTL",13,176.6,4.5,-0.381,-0.369,-0.06,4.96,-0.017,-1.09,-0.05,-1.1
"ANDREJ.MESZAROS","D","20112012","PHI",62,1030.8,26.5,0.244,0.256,0.26,4.95,0.07,4.4,1.2,5.6
"ANDREJ.SEKERA","D","20112012","BUF",69,1166.8,28.4,0.098,0.109,-0.02,4.96,-0.012,2.13,-0.24,1.9
"ANDREW.ALBERTS","D","20112012","VAN",44,573.4,14.2,-0.008,0.004,0.13,4.95,0.042,0.04,0.4,0.4
"ANDREW.BRUNETTE","F","20112012","CHI",78,864.6,21.2,-0.32,-0.334,0.16,4.97,0.064,-4.81,0.93,-3.9
"ANDREW.COGLIANO","F","20112012","ANA",82,1017.8,25.5,0.127,0.113,-0.06,4.97,-0.026,1.91,-0.45,1.5
"ANDREW.DESJARDINS","F","20112012","S.J",76,657,15.9,0.101,0.087,-0.07,4.96,-0.026,0.95,-0.28,0.7
"ANDREW.EBBETT","F","20112012","VAN",18,151.6,3.8,0.293,0.279,0.13,4.95,0.04,0.7,0.1,0.8
"ANDREW.FERENCE","D","20112012","BOS",72,1165.1,28.5,-0.126,-0.115,0.36,4.97,0.121,-2.22,2.35,0.1
"ANDREW.GORDON","F","20112012","ANA",37,316.8,7.9,-0.708,-0.722,-0.06,4.97,-0.009,-3.81,-0.05,-3.9
"ANDREW.LADD","F","20112012","WPG",82,1224.4,30.4,-0.058,-0.072,0.06,4.97,0.023,-1.47,0.48,-1
"ANDREW.MACDONALD","D","20112012","NYI",75,1464.3,35.3,-0.161,-0.149,-0.22,4.97,-0.062,-3.63,-1.51,-5.1
"ANDREW.MURRAY","F","20112012","S.J",39,279.2,6.8,0.084,0.07,-0.07,4.96,-0.024,0.32,-0.11,0.2
"ANDREW.SHAW","F","20112012","CHI",37,479,11.7,0.321,0.307,0.16,4.97,0.043,2.45,0.34,2.8
"ANDY.GREENE","D","20112012","N.J",56,948.1,23.2,0.292,0.304,-0.1,4.97,-0.047,4.8,-0.74,4.1
"ANDY.MCDONALD","F","20112012","STL",25,350.6,8.8,0.724,0.71,-0.1,4.95,-0.047,4.15,-0.27,3.9
"ANDY.SUTTON","D","20112012","EDM",52,768,19.2,0.137,0.149,-0.08,4.97,-0.03,1.9,-0.38,1.5
"ANTHONY.STEWART","F","20112012","CAR",77,591.9,14.6,0.186,0.172,-0.12,4.96,-0.043,1.7,-0.42,1.3
"ANTOINE.VERMETTE","F","20112012","ARI",21,306.2,7.7,0.442,0.428,0.06,4.96,0.012,2.18,0.06,2.2
"ANTOINE.VERMETTE","F","20112012","CBJ",60,792.4,20.1,0.106,0.092,-0.14,4.96,-0.05,1.21,-0.66,0.5
"ANTON.BABCHUK","D","20112012","CGY",32,379.7,9.3,0.22,0.232,-0.1,4.96,-0.038,1.47,-0.24,1.2
"ANTON.LANDER","F","20112012","EDM",56,493.7,12.4,-0.428,-0.442,-0.08,4.97,-0.013,-3.63,-0.11,-3.7
"ANTON.STRALMAN","D","20112012","NYR",53,802.2,19.9,0.022,0.034,0.02,4.96,0.007,0.46,0.09,0.5
"ANTON.VOLCHENKOV","D","20112012","N.J",72,1059.6,26,-0.096,-0.084,-0.1,4.97,-0.028,-1.48,-0.5,-2
"ANTTI.MIETTINEN","F","20112012","WPG",45,446.4,11.1,-0.383,-0.397,0.06,4.97,0.028,-2.95,0.21,-2.7
"ANZE.KOPITAR","F","20112012","L.A",82,1251,31.5,0.302,0.288,-0.25,4.96,-0.098,6.01,-2.05,4
"ARRON.ASHAM","F","20112012","PIT",64,584.8,14.6,-0.057,-0.071,0.36,4.96,0.118,-0.7,1.15,0.5
"ARTEM.ANISIMOV","F","20112012","NYR",79,989,24.5,0.043,0.03,0.02,4.96,0.007,0.49,0.11,0.6
"ARTURS.KULDA","D","20112012","WPG",9,97.6,2.4,0.532,0.544,0.06,4.97,0.016,0.89,0.03,0.9
"BARRET.JACKMAN","D","20112012","STL",80,1348.7,33.9,-0.149,-0.137,-0.1,4.95,-0.025,-3.08,-0.55,-3.6
"BEN.EAGER","F","20112012","EDM",63,532.8,13.3,0.034,0.02,-0.08,4.97,-0.025,0.18,-0.22,0
"BEN.LOVEJOY","D","20112012","PIT",34,428.3,10.7,-0.388,-0.376,0.36,4.96,0.124,-2.68,0.89,-1.8
"BENN.FERRIERO","F","20112012","S.J",35,403.2,9.8,-0.176,-0.189,-0.07,4.96,-0.019,-1.27,-0.13,-1.4
"BENOIT.POULIOT","F","20112012","BOS",74,818.1,20,0.114,0.1,0.36,4.97,0.11,1.36,1.5,2.9
"BEN.SMITH","F","20112012","CHI",13,121.9,3,-0.121,-0.134,0.16,4.97,0.051,-0.27,0.1,-0.2
"B.J..CROMBEEN","F","20112012","STL",39,314.2,7.9,-0.633,-0.647,-0.1,4.95,-0.024,-3.39,-0.12,-3.5
"BLAIR.JONES","F","20112012","CGY",21,248,6.1,-0.41,-0.424,-0.1,4.96,-0.028,-1.75,-0.12,-1.9
"BLAIR.JONES","F","20112012","T.B",22,167.7,4.2,-0.55,-0.564,0.21,4.97,0.073,-1.58,0.2,-1.4
"BLAKE.COMEAU","F","20112012","CGY",58,792.4,19.3,-0.287,-0.301,-0.1,4.96,-0.022,-3.97,-0.29,-4.3
"BLAKE.COMEAU","F","20112012","NYI",16,194.9,4.7,-1.04,-1.054,-0.22,4.97,-0.063,-3.42,-0.2,-3.6
"BLAKE.GEOFFRION","F","20112012","MTL",13,153.6,3.9,-0.17,-0.184,-0.06,4.96,-0.019,-0.47,-0.05,-0.5
"BLAKE.GEOFFRION","F","20112012","NSH",22,192.4,4.7,-0.385,-0.399,0.05,4.97,0.019,-1.28,0.06,-1.2
"BLAKE.WHEELER","F","20112012","WPG",80,1270.1,31.5,0.412,0.398,0.06,4.97,-0.006,8.43,-0.13,8.3
"BOBBY.BUTLER","F","20112012","OTT",55,576.5,14.6,0.561,0.547,0.08,4.96,0.01,5.26,0.1,5.4
"BOBBY.RYAN","F","20112012","ANA",82,1232.6,30.8,0.242,0.228,-0.06,4.97,-0.035,4.68,-0.71,4
"BOYD.GORDON","F","20112012","ARI",73,923.6,23.3,-0.174,-0.188,0.06,4.96,0.027,-2.89,0.42,-2.5
"BRAD.BOYES","F","20112012","BUF",65,709.8,17.3,-0.247,-0.261,-0.02,4.96,0.003,-3.08,0.03,-3
"BRAD.MALONE","F","20112012","COL",9,89.4,2.2,-0.227,-0.241,-0.07,4.96,-0.021,-0.36,-0.03,-0.4
"BRAD.MARCHAND","F","20112012","BOS",76,1051.6,25.7,0.138,0.124,0.36,4.97,0.108,2.18,1.89,4.1
"BRAD.MILLS","F","20112012","N.J",27,171.2,4.2,-0.477,-0.491,-0.1,4.97,-0.028,-1.4,-0.08,-1.5
"BRAD.RICHARDS","F","20112012","NYR",82,1274.9,31.6,-0.013,-0.027,0.02,4.96,0.01,-0.56,0.21,-0.4
"BRAD.RICHARDSON","F","20112012","L.A",59,694.6,17.5,-0.214,-0.228,-0.25,4.96,-0.072,-2.64,-0.83,-3.5
"BRAD.STAUBITZ","F","20112012","MIN",43,278.9,7,-0.575,-0.589,-0.39,4.95,-0.118,-2.74,-0.55,-3.3
"BRAD.STAUBITZ","F","20112012","MTL",19,123.7,3.1,-0.554,-0.568,-0.06,4.96,-0.017,-1.17,-0.04,-1.2
"BRAD.STUART","D","20112012","DET",81,1407,35.1,-0.036,-0.024,0.27,4.96,0.089,-0.57,2.09,1.5
"BRAD.WINCHESTER","F","20112012","S.J",67,502.8,12.2,-0.365,-0.379,-0.07,4.96,-0.014,-3.17,-0.11,-3.3
"BRANDON.BOLLIG","F","20112012","CHI",18,102.9,2.5,-0.768,-0.782,0.16,4.97,0.054,-1.34,0.09,-1.2
"BRANDON.DUBINSKY","F","20112012","NYR",77,1003.4,24.8,-0.013,-0.027,0.02,4.96,0.009,-0.46,0.16,-0.3
"BRANDON.MCMILLAN","F","20112012","ANA",25,211.6,5.3,0.119,0.105,-0.06,4.97,-0.022,0.37,-0.08,0.3
"BRANDON.PIRRI","F","20112012","CHI",5,61.5,1.5,0.242,0.228,0.16,4.97,0.05,0.23,0.05,0.3
"BRANDON.PRUST","F","20112012","NYR",82,830.5,20.6,-0.166,-0.18,0.02,4.96,0.016,-2.49,0.21,-2.3
"BRANDON.SEGAL","F","20112012","T.B",10,65.3,1.6,-1.542,-1.556,0.21,4.97,0.073,-1.69,0.08,-1.6
"BRANDON.SUTTER","F","20112012","CAR",82,1171.9,29,-0.113,-0.127,-0.12,4.96,-0.03,-2.47,-0.59,-3.1
"BRANDON.YIP","F","20112012","COL",10,94.4,2.3,-0.475,-0.489,-0.07,4.96,-0.019,-0.77,-0.03,-0.8
"BRANDON.YIP","F","20112012","NSH",25,259.1,6.3,-0.073,-0.087,0.05,4.97,0.016,-0.37,0.07,-0.3
"BRAYDEN.MCNABB","D","20112012","BUF",25,396.2,9.6,0.005,0.017,-0.02,4.96,-0.006,0.11,-0.04,0.1
"BRAYDEN.SCHENN","F","20112012","PHI",54,658.1,16.9,-0.451,-0.465,0.26,4.95,0.099,-5.1,1.09,-4
"BRAYDON.COBURN","D","20112012","PHI",81,1465.3,37.7,-0.142,-0.13,0.26,4.95,0.093,-3.18,2.28,-0.9
"BRENDAN.MIKKELSON","D","20112012","T.B",41,526.6,13,-0.446,-0.434,0.21,4.97,0.08,-3.81,0.7,-3.1
"BRENDAN.MORRISON","F","20112012","CGY",28,341.8,8.3,0.053,0.039,-0.1,4.96,-0.034,0.22,-0.19,0
"BRENDAN.MORRISON","F","20112012","CHI",11,120.9,3,-1.117,-1.131,0.16,4.97,0.057,-2.28,0.11,-2.2
"BRENDAN.SMITH","D","20112012","DET",14,191.9,4.8,0.222,0.233,0.27,4.96,0.085,0.75,0.27,1
"BRENDEN.MORROW","F","20112012","DAL",57,786.7,19.6,-0.128,-0.142,-0.01,4.96,0.001,-1.86,0.01,-1.8
"BRENT.BURNS","D","20112012","S.J",81,1420.6,34.4,0.046,0.057,-0.07,4.96,-0.027,1.36,-0.64,0.7
"BRENT.SEABROOK","D","20112012","CHI",78,1517.2,37.1,0.211,0.223,0.16,4.97,0.034,5.63,0.85,6.5
"BRETT.BULMER","F","20112012","MIN",9,94.5,2.4,0.277,0.263,-0.39,4.95,-0.127,0.41,-0.2,0.2
"BRETT.CLARK","D","20112012","T.B",82,1200.6,29.7,-0.449,-0.437,0.21,4.97,0.094,-8.74,1.89,-6.9
"BRETT.CONNOLLY","F","20112012","T.B",68,691.8,17.1,-0.388,-0.402,0.21,4.97,0.082,-4.63,0.95,-3.7
"BRETT.LEBDA","D","20112012","CBJ",30,446.6,11.3,0.611,0.622,-0.14,4.96,-0.061,4.63,-0.45,4.2
"BRETT.SUTTER","F","20112012","CAR",15,104.3,2.6,0.65,0.636,-0.12,4.96,-0.041,1.11,-0.07,1
"BRIAN.BOYLE","F","20112012","NYR",82,997.2,24.7,-0.014,-0.028,0.02,4.96,0.009,-0.47,0.16,-0.3
"BRIAN.CAMPBELL","D","20112012","FLA",82,1732.4,42.1,-0.246,-0.235,-0.29,4.96,-0.073,-6.77,-2.12,-8.9
"BRIAN.GIONTA","F","20112012","MTL",31,437.7,11.1,0.153,0.139,-0.06,4.96,-0.024,1.02,-0.17,0.8
"BRIAN.LEE","D","20112012","OTT",35,442.4,11.2,-0.326,-0.314,0.08,4.96,0.033,-2.32,0.24,-2.1
"BRIAN.LEE","D","20112012","T.B",20,311.2,7.7,-0.154,-0.142,0.21,4.97,0.071,-0.74,0.37,-0.4
"BRIAN.MCGRATTAN","F","20112012","NSH",30,158.7,3.8,-0.485,-0.499,0.05,4.97,0.019,-1.32,0.05,-1.3
"BRIAN.ROLSTON","F","20112012","BOS",21,255.3,6.2,0.403,0.389,0.36,4.97,0.109,1.66,0.47,2.1
"BRIAN.ROLSTON","F","20112012","NYI",49,561.3,13.5,-0.299,-0.313,-0.22,4.97,-0.064,-2.92,-0.6,-3.5
"BRIAN.STRAIT","D","20112012","PIT",9,111.8,2.8,-0.886,-0.874,0.36,4.96,0.121,-1.63,0.23,-1.4
"BROOKS.LAICH","F","20112012","WSH",82,1100.9,27,-0.109,-0.123,0.02,4.97,0.012,-2.25,0.22,-2
"BROOKS.ORPIK","D","20112012","PIT",73,1380.9,34.4,0.034,0.046,0.36,4.96,0.113,1.06,2.61,3.7
"BRUNO.GERVAIS","D","20112012","T.B",50,633.5,15.7,-0.071,-0.059,0.21,4.97,0.07,-0.62,0.74,0.1
"BRYAN.ALLEN","D","20112012","CAR",82,1333.6,33,-0.049,-0.037,-0.12,4.96,-0.035,-0.82,-0.78,-1.6
"BRYAN.BICKELL","F","20112012","CHI",71,811.1,19.9,-0.072,-0.086,0.16,4.97,0.054,-1.16,0.73,-0.4
"BRYAN.LITTLE","F","20112012","WPG",74,1147.7,28.5,-0.071,-0.085,0.06,4.97,0.024,-1.62,0.46,-1.2
"BRYCE.SALVADOR","D","20112012","N.J",82,1386.7,34,-0.319,-0.307,-0.1,4.97,-0.012,-7.1,-0.27,-7.4
"BYRON.BITZ","F","20112012","VAN",10,104.1,2.6,0.083,0.07,0.13,4.95,0.041,0.12,0.07,0.2
"CAL.CLUTTERBUCK","F","20112012","MIN",73,915.7,22.9,-0.013,-0.027,-0.39,4.95,-0.125,-0.41,-1.9,-2.3
"CAL.O'REILLY","F","20112012","ARI",21,236.1,5.9,-0.327,-0.341,0.06,4.96,0.022,-1.34,0.09,-1.3
"CAL.O'REILLY","F","20112012","PIT",6,65.6,1.6,-1.806,-1.82,0.36,4.96,0.122,-1.99,0.13,-1.9
"CAM.ATKINSON","F","20112012","CBJ",27,333.6,8.5,0.849,0.835,-0.14,4.96,-0.061,4.64,-0.34,4.3
"CAM.BARKER","D","20112012","EDM",25,386.4,9.7,-0.028,-0.016,-0.08,4.97,-0.024,-0.1,-0.15,-0.3
"CAM.FOWLER","D","20112012","ANA",82,1515,37.9,-0.094,-0.083,-0.06,4.97,-0.014,-2.09,-0.36,-2.4
"CAM.JANSSEN","F","20112012","N.J",48,222.4,5.5,-0.603,-0.617,-0.1,4.97,-0.026,-2.29,-0.1,-2.4
"CARL.GUNNARSSON","D","20112012","TOR",76,1333.7,32.5,-0.208,-0.196,0.07,4.97,0.035,-4.37,0.77,-3.6
"CARL.HAGELIN","F","20112012","NYR",64,897.4,22.2,0.488,0.474,0.02,4.96,-0.013,7.09,-0.2,6.9
"CARLO.COLAIACOVO","D","20112012","STL",63,1041.9,26.2,-0.107,-0.095,-0.1,4.95,-0.029,-1.65,-0.5,-2.2
"CARSON.MCMILLAN","F","20112012","MIN",11,118.2,3,0.424,0.41,-0.39,4.95,-0.128,0.81,-0.25,0.6
"CARTER.ASHTON","F","20112012","TOR",15,155.3,3.8,-1.456,-1.47,0.07,4.97,0.033,-3.81,0.09,-3.7
"CASEY.CIZIKAS","F","20112012","NYI",15,154.1,3.7,0.703,0.689,-0.22,4.97,-0.078,1.77,-0.2,1.6
"CASEY.WELLMAN","F","20112012","MIN",14,157.8,3.9,0.271,0.257,-0.39,4.95,-0.128,0.68,-0.34,0.3
"CHAD.LAROSE","F","20112012","CAR",67,925.7,22.9,-0.001,-0.015,-0.12,4.96,-0.037,-0.23,-0.57,-0.8
"CHAD.RAU","F","20112012","MIN",9,89.4,2.2,-0.046,-0.06,-0.39,4.95,-0.126,-0.09,-0.19,-0.3
"CHRIS.BUTLER","D","20112012","CGY",68,1252.1,30.6,0.002,0.014,-0.1,4.96,-0.034,0.28,-0.72,-0.4
"CHRIS.CAMPOLI","D","20112012","MTL",43,618.9,15.7,-0.039,-0.028,-0.06,4.96,-0.02,-0.29,-0.2,-0.5
"CHRIS.CONNER","F","20112012","DET",8,72.2,1.8,0.067,0.053,0.27,4.96,0.087,0.06,0.1,0.2
"CHRIS.HIGGINS","F","20112012","VAN",71,934,23.2,0.326,0.312,0.13,4.95,0.027,4.86,0.42,5.3
"CHRIS.KELLY","F","20112012","BOS",82,1026.9,25.1,0.212,0.198,0.36,4.97,0.104,3.39,1.79,5.2
"CHRIS.KUNITZ","F","20112012","PIT",82,1172.2,29.2,0.199,0.185,0.36,4.96,0.106,3.61,2.06,5.7
"CHRIS.NEIL","F","20112012","OTT",71,774.5,19.6,-0.12,-0.134,0.08,4.96,0.031,-1.73,0.41,-1.3
"CHRIS.PHILLIPS","D","20112012","OTT",79,1209.8,30.7,-0.121,-0.11,0.08,4.96,0.033,-2.21,0.66,-1.5
"CHRIS.PORTER","F","20112012","STL",47,475.3,11.9,-0.148,-0.162,-0.1,4.95,-0.03,-1.28,-0.24,-1.5
"CHRIS.PRONGER","D","20112012","PHI",13,171.1,4.4,0.254,0.266,0.26,4.95,0.081,0.76,0.23,1
"CHRIS.STEWART","F","20112012","STL",78,1062,26.7,-0.173,-0.187,-0.1,4.95,-0.024,-3.31,-0.42,-3.7
"CHRIS.SUMMERS","D","20112012","ARI",20,223.7,5.6,-0.511,-0.499,0.06,4.96,0.024,-1.86,0.09,-1.8
"CHRIS.TANEV","D","20112012","VAN",25,391.7,9.7,0.089,0.101,0.13,4.95,0.04,0.66,0.26,0.9
"CHRIS.THORBURN","F","20112012","WPG",72,677.4,16.8,-0.305,-0.318,0.06,4.97,0.03,-3.6,0.34,-3.3
"CHRISTIAN.EHRHOFF","D","20112012","BUF",66,1213.7,29.5,0.236,0.247,-0.02,4.96,-0.021,5,-0.42,4.6
"CHUCK.KOBASEW","F","20112012","COL",58,577.6,14.1,-0.293,-0.307,-0.07,4.96,-0.013,-2.95,-0.12,-3.1
"CLARKE.MACARTHUR","F","20112012","TOR",73,997.6,24.3,0.119,0.105,0.07,4.97,0.017,1.75,0.28,2
"CLAUDE.GIROUX","F","20112012","PHI",77,1144.4,29.5,0.226,0.212,0.26,4.95,0.071,4.04,1.35,5.4
"CLAYTON.STONER","D","20112012","MIN",51,807,20.1,0.316,0.327,-0.39,4.95,-0.139,4.4,-1.87,2.5
"CODY.ALMOND","F","20112012","MIN",10,90.9,2.3,-0.364,-0.378,-0.39,4.95,-0.124,-0.57,-0.19,-0.8
"CODY.BASS","F","20112012","CBJ",14,113.3,2.9,-0.1,-0.114,-0.14,4.96,-0.046,-0.22,-0.09,-0.3
"CODY.EAKIN","F","20112012","WSH",30,266.7,6.5,0.273,0.259,0.02,4.97,0.002,1.15,0.01,1.2
"CODY.FRANSON","D","20112012","TOR",57,826.1,20.1,0.039,0.051,0.07,4.97,0.02,0.7,0.27,1
"CODY.HODGSON","F","20112012","BUF",20,275.1,6.7,-0.418,-0.432,-0.02,4.96,0,-1.98,0,-2
"CODY.HODGSON","F","20112012","VAN",63,676.8,16.8,0.359,0.346,0.13,4.95,0.03,3.9,0.34,4.2
"CODY.MCCORMICK","F","20112012","BUF",50,387.4,9.4,-0.751,-0.765,-0.02,4.96,0.008,-4.94,0.05,-4.9
"CODY.MCLEOD","F","20112012","COL",75,523.2,12.8,-0.159,-0.173,-0.07,4.96,-0.017,-1.51,-0.15,-1.7
"COLBY.ARMSTRONG","F","20112012","TOR",29,259.3,6.3,-0.71,-0.724,0.07,4.97,0.031,-3.13,0.13,-3
"COLIN.FRASER","F","20112012","L.A",67,564.1,14.2,-0.091,-0.105,-0.25,4.96,-0.077,-0.98,-0.72,-1.7
"COLIN.GREENING","F","20112012","OTT",81,1093,27.7,-0.122,-0.136,0.08,4.96,0.034,-2.47,0.61,-1.9
"COLIN.WHITE","F","20112012","S.J",54,708.1,17.1,-0.234,-0.248,-0.07,4.96,-0.014,-2.92,-0.17,-3.1
"COLIN.WILSON","F","20112012","NSH",68,921.3,22.3,0.234,0.221,0.05,4.97,0.005,3.39,0.08,3.5
"COLTEN.TEUBERT","D","20112012","EDM",24,294.2,7.4,-0.246,-0.234,-0.08,4.97,-0.021,-1.15,-0.1,-1.2
"COLTON.GILLIES","F","20112012","CBJ",38,390.7,9.9,-0.302,-0.316,-0.14,4.96,-0.04,-2.06,-0.26,-2.3
"COLTON.GILLIES","F","20112012","MIN",37,303.5,7.6,-0.365,-0.379,-0.39,4.95,-0.12,-1.92,-0.61,-2.5
"COREY.PERRY","F","20112012","ANA",80,1270.1,31.8,-0.085,-0.099,-0.06,4.97,-0.014,-2.1,-0.3,-2.4
"COREY.POTTER","D","20112012","EDM",62,1017.7,25.5,-0.128,-0.116,-0.08,4.97,-0.018,-1.97,-0.31,-2.3
"COREY.TROPP","F","20112012","BUF",34,335.5,8.2,0.033,0.019,-0.02,4.96,-0.006,0.11,-0.04,0.1
"CORY.EMMERTON","F","20112012","DET",71,532.7,13.3,-0.28,-0.294,0.27,4.96,0.095,-2.61,0.85,-1.8
"CORY.SARICH","D","20112012","CGY",62,936,22.9,-0.128,-0.117,-0.1,4.96,-0.028,-1.82,-0.44,-2.3
"CRAIG.ADAMS","F","20112012","PIT",82,682.1,17,-0.368,-0.381,0.36,4.96,0.129,-4.34,1.47,-2.9
"CRAIG.SMITH","F","20112012","NSH",72,852,20.7,-0.092,-0.106,0.05,4.97,0.019,-1.51,0.27,-1.2
"CURTIS.GLENCROSS","F","20112012","CGY",67,901,22,0.202,0.188,-0.1,4.96,-0.042,2.82,-0.63,2.2
"DAINIUS.ZUBRUS","F","20112012","N.J",82,1193.4,29.3,0.129,0.115,-0.1,4.97,-0.039,2.28,-0.78,1.5
"DALE.WEISE","F","20112012","VAN",68,547.2,13.6,-0.358,-0.372,0.13,4.95,0.052,-3.39,0.47,-2.9
"DANA.TYRELL","F","20112012","T.B",26,227.6,5.6,-0.482,-0.496,0.21,4.97,0.074,-1.88,0.28,-1.6
"DAN.BOYLE","D","20112012","S.J",81,1589,38.5,0.239,0.251,-0.07,4.96,-0.042,6.65,-1.12,5.5
"DAN.CARCILLO","F","20112012","CHI",28,308.7,7.6,0.262,0.248,0.16,4.97,0.046,1.27,0.24,1.5
"DAN.GIRARDI","D","20112012","NYR",82,1701.7,42.1,-0.103,-0.091,0.02,4.96,0.016,-2.58,0.45,-2.1
"DAN.HAMHUIS","D","20112012","VAN",82,1502.3,37.2,0.3,0.312,0.13,4.95,0.018,7.82,0.46,8.3
"DANIEL.ALFREDSSON","F","20112012","OTT",74,1068.3,27.1,0.039,0.025,0.08,4.96,0.025,0.44,0.44,0.9
"DANIEL.BRIERE","F","20112012","PHI",70,965.1,24.9,0.002,-0.011,0.26,4.95,0.084,-0.18,1.35,1.2
"DANIEL.CLEARY","F","20112012","DET",75,957.9,23.9,-0.125,-0.139,0.27,4.96,0.094,-2.21,1.5,-0.7
"DANIEL.PAILLE","F","20112012","BOS",69,695.7,17,-0.345,-0.359,0.36,4.97,0.127,-4.16,1.47,-2.7
"DANIEL.SEDIN","F","20112012","VAN",72,1076.8,26.7,0.092,0.078,0.13,4.95,0.037,1.41,0.67,2.1
"DANIEL.WINNIK","F","20112012","COL",63,879.7,21.5,-0.372,-0.386,-0.07,4.96,-0.005,-5.66,-0.07,-5.7
"DANIEL.WINNIK","F","20112012","S.J",21,270.3,6.5,-0.249,-0.263,-0.07,4.96,-0.019,-1.18,-0.09,-1.3
"DANY.HEATLEY","F","20112012","MIN",81,1355,33.8,0.158,0.144,-0.39,4.95,-0.136,3.25,-3.07,0.2
"DARCY.HORDICHUK","F","20112012","EDM",43,186.4,4.7,-0.478,-0.492,-0.08,4.97,-0.02,-1.53,-0.06,-1.6
"DARREN.HELM","F","20112012","DET",68,812.3,20.2,-0.015,-0.029,0.27,4.96,0.089,-0.4,1.2,0.8
"DARROLL.POWE","F","20112012","MIN",81,915.1,22.8,-0.095,-0.109,-0.39,4.95,-0.121,-1.66,-1.84,-3.5
"DARRYL.BOYCE","F","20112012","CBJ",20,171.7,4.4,-0.366,-0.38,-0.14,4.96,-0.043,-1.09,-0.12,-1.2
"DARRYL.BOYCE","F","20112012","TOR",17,153.6,3.7,-0.446,-0.46,0.07,4.97,0.025,-1.18,0.06,-1.1
"DAVE.BOLLAND","F","20112012","CHI",76,944.8,23.1,-0.116,-0.13,0.16,4.97,0.056,-2.05,0.89,-1.2
"DAVID.BACKES","F","20112012","STL",81,1250.9,31.4,-0.141,-0.155,-0.1,4.95,-0.024,-3.22,-0.5,-3.7
"DAVID.BOOTH","F","20112012","FLA",6,70.5,1.7,-1.09,-1.104,-0.29,4.96,-0.089,-1.3,-0.11,-1.4
"DAVID.BOOTH","F","20112012","VAN",56,736.7,18.3,-0.302,-0.316,0.13,4.95,0.053,-3.87,0.65,-3.2
"DAVID.CLARKSON","F","20112012","N.J",80,1042.1,25.6,0.082,0.068,-0.1,4.97,-0.036,1.18,-0.63,0.6
"DAVID.DESHARNAIS","F","20112012","MTL",81,1166.9,29.6,0.389,0.375,-0.06,4.96,-0.043,7.29,-0.84,6.5
"DAVID.JONES","F","20112012","COL",72,928.2,22.7,0.148,0.134,-0.07,4.96,-0.028,2.07,-0.43,1.6
"DAVID.KREJCI","F","20112012","BOS",79,1180.5,28.8,0.019,0.005,0.36,4.97,0.114,0.1,2.24,2.3
"DAVID.LEGWAND","F","20112012","NSH",78,1140.6,27.7,-0.014,-0.028,0.05,4.97,0.016,-0.53,0.31,-0.2
"DAVID.MCINTYRE","F","20112012","MIN",7,70.3,1.8,0.273,0.259,-0.39,4.95,-0.127,0.3,-0.15,0.2
"DAVID.MOSS","F","20112012","CGY",32,368.5,9,-0.421,-0.435,-0.1,4.96,-0.026,-2.67,-0.16,-2.8
"DAVID.PERRON","F","20112012","STL",56,817.1,20.5,0.328,0.314,-0.1,4.95,-0.047,4.28,-0.64,3.6
"DAVID.RUNDBLAD","D","20112012","ARI",6,70.3,1.8,0.761,0.773,0.06,4.96,0.016,0.91,0.02,0.9
"DAVID.RUNDBLAD","D","20112012","OTT",24,306.4,7.8,-0.421,-0.41,0.08,4.96,0.033,-2.09,0.17,-1.9
"DAVID.SAVARD","D","20112012","CBJ",31,432.4,11,0.022,0.034,-0.14,4.96,-0.047,0.24,-0.34,-0.1
"DAVID.SCHLEMKO","D","20112012","ARI",45,705,17.8,0.28,0.292,0.06,4.96,0.008,3.43,0.09,3.5
"DAVID.STECKEL","F","20112012","TOR",76,770.4,18.8,-0.327,-0.34,0.07,4.97,0.035,-4.37,0.45,-3.9
"DAVID.ULLSTROM","F","20112012","NYI",29,288.7,7,0.345,0.331,-0.22,4.97,-0.077,1.59,-0.37,1.2
"DAVID.VAN DER GULIK","F","20112012","COL",25,173.2,4.2,1.192,1.178,-0.07,4.96,-0.032,3.4,-0.09,3.3
"DAVIS.DREWISKE","D","20112012","L.A",9,108,2.7,-0.397,-0.385,-0.25,4.96,-0.078,-0.69,-0.14,-0.8
"DAYMOND.LANGKOW","F","20112012","ARI",70,923.7,23.3,0.043,0.029,0.06,4.96,0.017,0.45,0.26,0.7
"DENNIS.SEIDENBERG","D","20112012","BOS",80,1478.6,36.1,-0.193,-0.181,0.36,4.97,0.128,-4.47,3.14,-1.3
"DENNIS.WIDEMAN","D","20112012","WSH",82,1505.8,36.9,-0.038,-0.026,0.02,4.97,0.007,-0.65,0.19,-0.5
"DEREK.DORSETT","F","20112012","CBJ",77,919.6,23.3,-0.123,-0.137,-0.14,4.96,-0.04,-2.09,-0.61,-2.7
"DEREK.JOSLIN","D","20112012","CAR",44,416.2,10.3,-0.459,-0.447,-0.12,4.96,-0.028,-3.1,-0.2,-3.3
"DEREK.MACKENZIE","F","20112012","CBJ",66,567.2,14.4,-0.124,-0.137,-0.14,4.96,-0.042,-1.3,-0.4,-1.7
"DEREK.MORRIS","D","20112012","ARI",58,910.6,22.9,-0.25,-0.238,0.06,4.96,0.029,-3.61,0.45,-3.2
"DEREK.ROY","F","20112012","BUF",80,1179.2,28.7,-0.008,-0.022,-0.02,4.96,-0.005,-0.44,-0.1,-0.5
"DEREK.SMITH","D","20112012","CGY",47,680.1,16.6,-0.06,-0.048,-0.1,4.96,-0.032,-0.55,-0.36,-0.9
"DEREK.STEPAN","F","20112012","NYR",82,1170.9,29,0.031,0.017,0.02,4.96,0.007,0.34,0.14,0.5
"DERICK.BRASSARD","F","20112012","CBJ",74,955.5,24.2,0.048,0.034,-0.14,4.96,-0.048,0.54,-0.77,-0.2
"DERYK.ENGELLAND","D","20112012","PIT",73,1099.5,27.4,-0.208,-0.196,0.36,4.96,0.127,-3.6,2.33,-1.3
"DEVANTE.SMITH-PELLY","F","20112012","ANA",49,489.1,12.2,-0.222,-0.236,-0.06,4.97,-0.015,-1.92,-0.12,-2
"DEVIN.SETOGUCHI","F","20112012","MIN",68,972.8,24.3,-0.116,-0.13,-0.39,4.95,-0.12,-2.1,-1.94,-4
"DION.PHANEUF","D","20112012","TOR",82,1539.3,37.5,-0.104,-0.092,0.07,4.97,0.029,-2.37,0.74,-1.6
"DMITRY.KULIKOV","D","20112012","FLA",58,1034.5,25.1,0.255,0.267,-0.29,4.96,-0.107,4.6,-1.84,2.8
"DMITRY.ORLOV","D","20112012","WSH",60,922.1,22.6,-0.115,-0.103,0.02,4.97,0.01,-1.59,0.16,-1.4
"DOMINIC.MOORE","F","20112012","S.J",23,284.2,6.9,-0.132,-0.146,-0.07,4.96,-0.021,-0.69,-0.1,-0.8
"DOMINIC.MOORE","F","20112012","T.B",56,734.6,18.2,-0.556,-0.57,0.21,4.97,0.089,-6.97,1.09,-5.9
"DOUG.JANIK","D","20112012","DET",9,124,3.1,0.691,0.703,0.27,4.96,0.083,1.45,0.17,1.6
"DOUGLAS.MURRAY","D","20112012","S.J",60,978.4,23.7,-0.277,-0.265,-0.07,4.96,-0.01,-4.33,-0.17,-4.5
"DRAYSON.BOWMAN","F","20112012","CAR",37,455.3,11.3,0.26,0.246,-0.12,4.96,-0.043,1.86,-0.33,1.5
"DREW.DOUGHTY","D","20112012","L.A",77,1427,35.9,-0.078,-0.066,-0.25,4.96,-0.075,-1.58,-1.79,-3.4
"DREW.MILLER","F","20112012","DET",80,855.5,21.3,0.033,0.019,0.27,4.96,0.087,0.27,1.23,1.5
"DREW.STAFFORD","F","20112012","BUF",80,1129.2,27.5,0.071,0.057,-0.02,4.96,-0.009,1.07,-0.17,0.9
"DUNCAN.KEITH","D","20112012","CHI",74,1546.2,37.9,0.083,0.095,0.16,4.97,0.043,2.44,1.11,3.6
"DUSTIN.BROWN","F","20112012","L.A",82,1214.7,30.5,0.36,0.346,-0.25,4.96,-0.101,7.01,-2.05,5
"DUSTIN.BYFUGLIEN","D","20112012","WPG",66,1293.9,32.1,0.212,0.224,0.06,4.97,0.005,4.83,0.1,4.9
"DUSTIN.JEFFREY","F","20112012","PIT",26,283.7,7.1,-0.637,-0.65,0.36,4.96,0.126,-3.08,0.59,-2.5
"DUSTIN.PENNER","F","20112012","L.A",65,820.4,20.6,-0.145,-0.159,-0.25,4.96,-0.073,-2.18,-1,-3.2
"DWIGHT.KING","F","20112012","L.A",27,343.2,8.6,0.488,0.474,-0.25,4.96,-0.088,2.71,-0.51,2.2
"DYLAN.OLSEN","D","20112012","CHI",28,334.6,8.2,-0.539,-0.528,0.16,4.97,0.059,-2.94,0.33,-2.6
"DYLAN.REESE","D","20112012","NYI",28,451.8,10.9,0.428,0.44,-0.22,4.97,-0.082,3.31,-0.62,2.7
"ED.JOVANOVSKI","D","20112012","FLA",66,881.6,21.4,0.077,0.089,-0.29,4.96,-0.097,1.31,-1.43,-0.1
"ERIC.BELANGER","F","20112012","EDM",78,859.5,21.5,-0.24,-0.254,-0.08,4.97,-0.013,-3.64,-0.19,-3.8
"ERIC.BOULTON","F","20112012","N.J",51,332.4,8.1,-1.077,-1.091,-0.1,4.97,-0.015,-6.05,-0.08,-6.1
"ERIC.BREWER","D","20112012","T.B",82,1524.3,37.7,0.062,0.074,0.21,4.97,0.063,1.88,1.59,3.5
"ERIC.FEHR","F","20112012","WPG",35,323.1,8,-0.943,-0.957,0.06,4.97,0.034,-5.15,0.19,-5
"ERIC.NYSTROM","F","20112012","DAL",74,895.6,22.3,-0.083,-0.097,-0.01,4.96,0,-1.45,0,-1.5
"ERIC.STAAL","F","20112012","CAR",82,1306,32.3,0.108,0.094,-0.12,4.96,-0.044,2.04,-0.95,1.1
"ERIC.TANGRADI","F","20112012","PIT",24,194.9,4.9,-0.47,-0.483,0.36,4.96,0.121,-1.57,0.39,-1.2
"ERIC.WELLWOOD","F","20112012","PHI",24,224.9,5.8,0.883,0.869,0.26,4.95,0.073,3.26,0.27,3.5
"ERIK.CHRISTENSEN","F","20112012","MIN",28,293.6,7.3,-0.433,-0.447,-0.39,4.95,-0.119,-2.19,-0.58,-2.8
"ERIK.CHRISTENSEN","F","20112012","NYR",20,133.7,3.3,-0.376,-0.39,0.02,4.96,0.011,-0.87,0.02,-0.8
"ERIK.COLE","F","20112012","MTL",82,1212.6,30.8,0.363,0.349,-0.06,4.96,-0.042,7.06,-0.86,6.2
"ERIK.CONDRA","F","20112012","OTT",80,901.7,22.8,-0.099,-0.113,0.08,4.96,0.031,-1.69,0.47,-1.2
"ERIK.GUDBRANSON","D","20112012","FLA",72,960.7,23.3,-0.113,-0.102,-0.29,4.96,-0.088,-1.63,-1.42,-3
"ERIK.GUSTAFSSON","D","20112012","PHI",30,475.6,12.2,0.512,0.524,0.26,4.95,0.07,4.15,0.56,4.7
"ERIK.JOHNSON","D","20112012","COL",73,1208.7,29.6,0.154,0.166,-0.07,4.96,-0.031,3.33,-0.63,2.7
"ERIK.KARLSSON","D","20112012","OTT",80,1641.2,41.6,0.267,0.279,0.08,4.96,0.003,7.62,0.08,7.7
"ETHAN.MOREAU","F","20112012","L.A",28,270.4,6.8,-0.49,-0.503,-0.25,4.96,-0.073,-2.27,-0.33,-2.6
"EVANDER.KANE","F","20112012","WPG",74,1106.5,27.5,0.426,0.412,0.06,4.97,-0.004,7.6,-0.07,7.5
"EVGENI.MALKIN","F","20112012","PIT",75,1206.1,30,0.387,0.373,0.36,4.96,0.094,7.5,1.89,9.4
"EVGENY.DADONOV","F","20112012","FLA",15,144.9,3.5,0.326,0.313,-0.29,4.96,-0.095,0.75,-0.23,0.5
"EVGENY.GRACHEV","F","20112012","STL",25,222.1,5.6,-0.324,-0.338,-0.1,4.95,-0.03,-1.25,-0.11,-1.4
"FEDOR.TYUTIN","D","20112012","CBJ",66,1169.2,29.6,-0.06,-0.048,-0.14,4.96,-0.044,-0.94,-0.85,-1.8
"FILIP.KUBA","D","20112012","OTT",72,1300.2,32.9,0.265,0.277,0.08,4.96,0.008,6,0.17,6.2
"FRANCIS.BOUILLON","D","20112012","NSH",66,1073.8,26,0.252,0.264,0.05,4.97,0.001,4.72,0.02,4.7
"FRANCOIS.BEAUCHEMIN","D","20112012","ANA",82,1589.7,39.8,-0.192,-0.18,-0.06,4.97,-0.006,-4.77,-0.16,-4.9
"FRANS.NIELSEN","F","20112012","NYI",82,1045.4,25.2,0.175,0.161,-0.22,4.97,-0.081,2.81,-1.41,1.4
"FRÉDÉRIC.ST-DENIS","D","20112012","MTL",17,212.8,5.4,-0.047,-0.035,-0.06,4.96,-0.02,-0.12,-0.07,-0.2
"GABRIEL.BOURQUE","F","20112012","NSH",43,539.4,13.1,0.185,0.172,0.05,4.97,0.01,1.54,0.09,1.6
"GABRIEL.LANDESKOG","F","20112012","COL",82,1209.6,29.6,0.369,0.355,-0.07,4.96,-0.043,7.15,-0.86,6.3
"GEORGE.PARROS","F","20112012","ANA",46,291.3,7.3,-0.341,-0.355,-0.06,4.97,-0.015,-1.72,-0.07,-1.8
"GILBERT.BRULE","F","20112012","ARI",31,323.8,8.2,0.787,0.773,0.06,4.96,0.006,4.17,0.03,4.2
"GRANT.CLITSOME","D","20112012","CBJ",51,714.6,18.1,-0.286,-0.274,-0.14,4.96,-0.036,-3.26,-0.43,-3.7
"GRANT.CLITSOME","D","20112012","WPG",12,175.6,4.4,-0.213,-0.201,0.06,4.97,0.021,-0.59,0.06,-0.5
"GREG.NEMISZ","F","20112012","CGY",9,68.9,1.7,0.402,0.388,-0.1,4.96,-0.035,0.45,-0.04,0.4
"GREGORY.CAMPBELL","F","20112012","BOS",78,846.8,20.7,-0.363,-0.376,0.36,4.97,0.13,-5.31,1.83,-3.5
"GREG.ZANON","D","20112012","BOS",17,253.8,6.2,0.024,0.035,0.36,4.97,0.114,0.15,0.48,0.6
"GREG.ZANON","D","20112012","MIN",39,635,15.9,0.157,0.169,-0.39,4.95,-0.131,1.79,-1.39,0.4
"GUILLAUME.DESBIENS","F","20112012","CGY",10,71.1,1.7,-1.242,-1.256,-0.1,4.96,-0.029,-1.49,-0.03,-1.5
"GUILLAUME.LATENDRESSE","F","20112012","MIN",16,196.2,4.9,0.496,0.482,-0.39,4.95,-0.131,1.58,-0.43,1.1
"GUSTAV.NYQUIST","F","20112012","DET",18,185.9,4.6,-0.198,-0.212,0.27,4.96,0.089,-0.66,0.28,-0.4
"HAL.GILL","D","20112012","MTL",53,669.3,17,-0.184,-0.172,-0.06,4.96,-0.015,-1.92,-0.16,-2.1
"HAL.GILL","D","20112012","NSH",23,360.7,8.7,0.356,0.368,0.05,4.97,0.008,2.21,0.05,2.3
"HARRY.ZOLNIERCZYK","F","20112012","PHI",37,270.5,7,-0.405,-0.419,0.26,4.95,0.089,-1.89,0.4,-1.5
"HENRIK.SEDIN","F","20112012","VAN",82,1231.3,30.5,0.306,0.292,0.13,4.95,0.024,6,0.49,6.5
"HENRIK.TALLINDER","D","20112012","N.J",39,697.7,17.1,-0.342,-0.33,-0.1,4.97,-0.021,-3.84,-0.25,-4.1
"HENRIK.ZETTERBERG","F","20112012","DET",82,1235.7,30.8,0.173,0.159,0.27,4.96,0.077,3.27,1.6,4.9
"IAN.COLE","D","20112012","STL",26,391.8,9.8,0.193,0.205,-0.1,4.95,-0.038,1.34,-0.25,1.1
"IAN.WHITE","D","20112012","DET",77,1432.9,35.7,0.238,0.25,0.27,4.96,0.069,5.96,1.66,7.6
"ILYA.KOVALCHUK","F","20112012","N.J",77,1375.2,33.7,-0.001,-0.015,-0.1,4.97,-0.032,-0.34,-0.72,-1.1
"JACK.HILLEN","D","20112012","NSH",55,719.6,17.4,0.229,0.241,0.05,4.97,0.006,2.89,0.08,3
"JACK.JOHNSON","D","20112012","CBJ",21,402.3,10.2,0.26,0.272,-0.14,4.96,-0.052,1.82,-0.35,1.5
"JACK.JOHNSON","D","20112012","L.A",61,1030.1,25.9,-0.137,-0.126,-0.25,4.96,-0.073,-2.16,-1.26,-3.4
"JACK.SKILLE","F","20112012","FLA",46,522.1,12.7,-0.262,-0.276,-0.29,4.96,-0.086,-2.4,-0.75,-3.2
"JACOB.JOSEFSON","F","20112012","N.J",41,440.1,10.8,-0.103,-0.117,-0.1,4.97,-0.03,-0.86,-0.22,-1.1
"JADEN.SCHWARTZ","F","20112012","STL",7,75.2,1.9,-0.123,-0.137,-0.1,4.95,-0.033,-0.17,-0.04,-0.2
"JAKE.DOWELL","F","20112012","DAL",52,367.5,9.1,-0.093,-0.107,-0.01,4.96,-0.003,-0.66,-0.02,-0.7
"JAKE.GARDINER","D","20112012","TOR",75,1323.8,32.3,0.415,0.427,0.07,4.97,-0.006,9.41,-0.13,9.3
"JAKUB.KINDL","D","20112012","DET",55,720.2,17.9,-0.107,-0.096,0.27,4.96,0.091,-1.15,1.09,-0.1
"JAKUB.VORACEK","F","20112012","PHI",78,945.1,24.3,0.255,0.241,0.26,4.95,0.072,3.8,1.13,4.9
"JAMAL.MAYERS","F","20112012","CHI",81,657.1,16.1,-0.246,-0.26,0.16,4.97,0.059,-2.85,0.64,-2.2
"JAMES.NEAL","F","20112012","PIT",80,1179.7,29.4,0.2,0.186,0.36,4.96,0.105,3.65,2.07,5.7
"JAMES.VAN RIEMSDYK","F","20112012","PHI",43,519.5,13.4,0.01,-0.004,0.26,4.95,0.083,-0.04,0.72,0.7
"JAMES.WISNIEWSKI","D","20112012","CBJ",48,894.2,22.7,-0.053,-0.042,-0.14,4.96,-0.045,-0.62,-0.66,-1.3
"JAMIE.BENN","F","20112012","DAL",71,1044.9,26,0.502,0.488,-0.01,4.96,-0.03,8.5,-0.52,8
"JAMIE.LANGENBRUNNER","F","20112012","STL",69,859.8,21.6,-0.218,-0.231,-0.1,4.95,-0.024,-3.32,-0.34,-3.7
"JAMIE.MCBAIN","D","20112012","CAR",76,1241.7,30.7,0.191,0.203,-0.12,4.96,-0.05,4.19,-1.04,3.2
"JAMIE.MCGINN","F","20112012","COL",17,235.2,5.8,0.273,0.259,-0.07,4.96,-0.025,1.01,-0.1,0.9
"JAMIE.MCGINN","F","20112012","S.J",61,717.9,17.4,0.339,0.325,-0.07,4.96,-0.034,3.89,-0.41,3.5
"JAN.HEJDA","D","20112012","COL",81,1394.4,34.1,-0.306,-0.294,-0.07,4.96,-0.001,-6.84,-0.03,-6.9
"JAN.MURSAK","F","20112012","DET",25,186.7,4.7,-0.496,-0.509,0.27,4.96,0.092,-1.59,0.29,-1.3
"JANNIK.HANSEN","F","20112012","VAN",82,1022.3,25.3,0.26,0.246,0.13,4.95,0.029,4.19,0.5,4.7
"JARED.BOLL","F","20112012","CBJ",54,432.6,11,-0.532,-0.546,-0.14,4.96,-0.034,-3.94,-0.25,-4.2
"JARED.COWEN","D","20112012","OTT",81,1217.5,30.8,-0.111,-0.099,0.08,4.96,0.032,-2.01,0.65,-1.4
"JARED.SPURGEON","D","20112012","MIN",70,1170.6,29.2,-0.057,-0.045,-0.39,4.95,-0.123,-0.88,-2.41,-3.3
"JAROD.PALMER","F","20112012","MIN",6,69.4,1.7,0.135,0.121,-0.39,4.95,-0.126,0.14,-0.15,0
"JAROME.IGINLA","F","20112012","CGY",82,1377.4,33.6,0.195,0.181,-0.1,4.96,-0.046,4.16,-1.05,3.1
"JAROMIR.JAGR","F","20112012","PHI",73,934,24.1,0.056,0.042,0.26,4.95,0.081,0.66,1.27,1.9
"JAROSLAV.SPACEK","D","20112012","CAR",34,470.9,11.7,0.486,0.498,-0.12,4.96,-0.049,3.91,-0.39,3.5
"JAROSLAV.SPACEK","D","20112012","MTL",12,159.9,4.1,-0.497,-0.485,-0.06,4.96,-0.017,-1.29,-0.04,-1.3
"JARRET.STOLL","F","20112012","L.A",78,963.5,24.2,-0.125,-0.139,-0.25,4.96,-0.073,-2.24,-1.18,-3.4
"JASON.ARNOTT","F","20112012","STL",71,817.1,20.5,0.25,0.236,-0.1,4.95,-0.044,3.22,-0.6,2.6
"JASON.BLAKE","F","20112012","ANA",45,566,14.2,-0.393,-0.407,-0.06,4.97,-0.009,-3.84,-0.09,-3.9
"JASON.CHIMERA","F","20112012","WSH",82,1015.4,24.9,0.07,0.056,0.02,4.97,0.003,0.95,0.04,1
"JASON.DEMERS","D","20112012","S.J",57,824.9,20,0.065,0.077,-0.07,4.96,-0.026,1.06,-0.36,0.7
"JASON.GARRISON","D","20112012","FLA",77,1402.9,34.1,-0.136,-0.124,-0.29,4.96,-0.085,-2.91,-1.98,-4.9
"JASON.JAFFRAY","F","20112012","WPG",13,81.8,2,-0.813,-0.827,0.06,4.97,0.022,-1.13,0.03,-1.1
"JASON.POMINVILLE","F","20112012","BUF",82,1142,27.8,0.228,0.214,-0.02,4.96,-0.018,4.07,-0.34,3.7
"JASON.SPEZZA","F","20112012","OTT",79,1240.1,31.4,0.292,0.278,0.08,4.96,0.008,5.75,0.18,5.9
"JASON.WILLIAMS","F","20112012","PIT",8,66.5,1.7,-1.061,-1.075,0.36,4.96,0.12,-1.19,0.13,-1.1
"JAY.BEAGLE","F","20112012","WSH",41,431.8,10.6,-0.446,-0.46,0.02,4.97,0.015,-3.31,0.11,-3.2
"JAY.BOUWMEESTER","D","20112012","CGY",82,1646,40.2,-0.218,-0.206,-0.1,4.96,-0.017,-5.66,-0.46,-6.1
"JAY.HARRISON","D","20112012","CAR",72,1242.2,30.7,-0.121,-0.109,-0.12,4.96,-0.031,-2.26,-0.64,-2.9
"JAY.MCCLEMENT","F","20112012","COL",80,831,20.3,-0.047,-0.061,-0.07,4.96,-0.019,-0.84,-0.26,-1.1
"JAY.PANDOLFO","F","20112012","NYI",62,558,13.5,-0.511,-0.525,-0.22,4.97,-0.058,-4.88,-0.54,-5.4
"JAY.ROSEHILL","F","20112012","TOR",31,182.6,4.4,-1.054,-1.068,0.07,4.97,0.031,-3.25,0.1,-3.2
"JED.ORTMEYER","F","20112012","MIN",34,291.7,7.3,-0.236,-0.25,-0.39,4.95,-0.122,-1.22,-0.59,-1.8
"JEFF.CARTER","F","20112012","CBJ",39,594.9,15.1,-0.064,-0.078,-0.14,4.96,-0.044,-0.77,-0.44,-1.2
"JEFF.CARTER","F","20112012","L.A",16,222.5,5.6,-0.372,-0.386,-0.25,4.96,-0.076,-1.43,-0.28,-1.7
"JEFF.HALPERN","F","20112012","WSH",69,732,18,-0.31,-0.324,0.02,4.97,0.017,-3.95,0.21,-3.7
"JEFF.PETRY","D","20112012","EDM",73,1298.5,32.5,0.105,0.117,-0.08,4.97,-0.032,2.52,-0.69,1.8
"JEFF.SCHULTZ","D","20112012","WSH",54,743.6,18.2,-0.313,-0.302,0.02,4.97,0.017,-3.74,0.21,-3.5
"JEFF.SKINNER","F","20112012","CAR",64,935,23.1,0.317,0.303,-0.12,4.96,-0.052,4.72,-0.81,3.9
"JEFF.WOYWITKA","D","20112012","NYR",27,272.8,6.8,-0.316,-0.304,0.02,4.96,0.012,-1.38,0.06,-1.3
"JEROME.SAMSON","F","20112012","CAR",16,174.1,4.3,-0.279,-0.293,-0.12,4.96,-0.035,-0.85,-0.1,-1
"JERRED.SMITHSON","F","20112012","FLA",16,151.1,3.7,0.201,0.188,-0.29,4.96,-0.095,0.47,-0.24,0.2
"JERRED.SMITHSON","F","20112012","NSH",53,507.3,12.3,-0.415,-0.429,0.05,4.97,0.025,-3.62,0.21,-3.4
"JESSE.WINCHESTER","F","20112012","OTT",32,266.1,6.7,-0.008,-0.022,0.08,4.96,0.026,-0.1,0.12,0
"JIMMY.HAYES","F","20112012","CHI",31,296.1,7.2,-0.363,-0.377,0.16,4.97,0.056,-1.86,0.28,-1.6
"JIM.O'BRIEN","F","20112012","OTT",28,270.9,6.9,0.143,0.129,0.08,4.96,0.024,0.58,0.11,0.7
"JIM.SLATER","F","20112012","WPG",78,944.6,23.5,-0.069,-0.083,0.06,4.97,0.023,-1.31,0.36,-0.9
"JIM.VANDERMEER","D","20112012","S.J",25,247.7,6,-0.427,-0.415,-0.07,4.96,-0.018,-1.71,-0.07,-1.8
"JIRI.HUDLER","F","20112012","DET",81,1066.5,26.6,0.345,0.331,0.27,4.96,0.07,5.89,1.24,7.1
"JIRI.TLUSTY","F","20112012","CAR",79,1017.3,25.2,0.262,0.248,-0.12,4.96,-0.05,4.21,-0.85,3.4
"JOAKIM.LINDSTROM","F","20112012","COL",16,183.9,4.5,-0.306,-0.32,-0.07,4.96,-0.019,-0.98,-0.06,-1
"JOCHEN.HECHT","F","20112012","BUF",22,309.7,7.5,-0.234,-0.248,-0.02,4.96,-0.002,-1.28,-0.01,-1.3
"JODY.SHELLEY","F","20112012","PHI",30,165.2,4.3,-1.12,-1.133,0.26,4.95,0.093,-3.12,0.26,-2.9
"JOE.COLBORNE","F","20112012","TOR",10,129.1,3.1,0.711,0.697,0.07,4.97,0.017,1.5,0.04,1.5
"JOE.CORVO","D","20112012","BOS",75,1192.1,29.1,0.123,0.135,0.36,4.97,0.106,2.68,2.11,4.8
"JOEL.WARD","F","20112012","WSH",73,833.8,20.4,-0.138,-0.152,0.02,4.97,0.012,-2.11,0.16,-1.9
"JOE.PAVELSKI","F","20112012","S.J",82,1257.3,30.4,0.303,0.289,-0.07,4.96,-0.041,6.05,-0.85,5.2
"JOE.THORNTON","F","20112012","S.J",82,1269.8,30.7,0.241,0.227,-0.07,4.96,-0.037,4.8,-0.78,4
"JOE.VITALE","F","20112012","PIT",68,705.8,17.6,-0.589,-0.603,0.36,4.96,0.138,-7.09,1.62,-5.5
"JOEY.CRABB","F","20112012","TOR",67,782.5,19.1,0.046,0.032,0.07,4.97,0.021,0.41,0.27,0.7
"JOFFREY.LUPUL","F","20112012","TOR",66,988.8,24.1,0.649,0.635,0.07,4.97,-0.009,10.47,-0.15,10.3
"JOHAN.FRANZEN","F","20112012","DET",77,1109,27.6,0.16,0.147,0.27,4.96,0.079,2.71,1.46,4.2
"JOHN.CARLSON","D","20112012","WSH",82,1438.4,35.3,0.047,0.059,0.02,4.97,0.001,1.41,0.03,1.4
"JOHN.ERSKINE","D","20112012","WSH",28,321.8,7.9,-0.166,-0.155,0.02,4.97,0.008,-0.83,0.04,-0.8
"JOHN.MADDEN","F","20112012","FLA",31,331,8,-0.597,-0.611,-0.29,4.96,-0.083,-3.37,-0.46,-3.8
"JOHN.MCCARTHY","F","20112012","S.J",10,93.6,2.3,-0.723,-0.737,-0.07,4.96,-0.02,-1.15,-0.03,-1.2
"JOHN-MICHAEL.LILES","D","20112012","TOR",66,1139.2,27.8,-0.201,-0.19,0.07,4.97,0.032,-3.6,0.62,-3
"JOHN.MITCHELL","F","20112012","NYR",63,590.1,14.6,0.061,0.047,0.02,4.96,0.007,0.46,0.07,0.5
"JOHN.MOORE","D","20112012","CBJ",67,961.2,24.4,-0.417,-0.405,-0.14,4.96,-0.027,-6.49,-0.43,-6.9
"JOHNNY.BOYCHUK","D","20112012","BOS",77,1373.1,33.5,0.014,0.025,0.36,4.97,0.113,0.58,2.58,3.2
"JOHNNY.ODUYA","D","20112012","CHI",18,352.4,8.6,0.025,0.036,0.16,4.97,0.05,0.21,0.29,0.5
"JOHNNY.ODUYA","D","20112012","WPG",63,1041.5,25.9,-0.457,-0.445,0.06,4.97,0.042,-7.73,0.73,-7
"JOHN.SCOTT","F","20112012","CHI",29,194.5,4.8,0.082,0.068,0.16,4.97,0.05,0.22,0.16,0.4
"JOHN.TAVARES","F","20112012","NYI",82,1381.6,33.3,0.348,0.335,-0.22,4.97,-0.095,7.7,-2.19,5.5
"JONATHAN.ERICSSON","D","20112012","DET",69,1026.5,25.6,-0.044,-0.032,0.27,4.96,0.089,-0.55,1.52,1
"JONATHAN.TOEWS","F","20112012","CHI",59,906.9,22.2,0.553,0.539,0.16,4.97,0.026,8.14,0.4,8.5
"JONATHON.BLUM","D","20112012","NSH",33,490.9,11.9,-0.21,-0.199,0.05,4.97,0.02,-1.62,0.16,-1.5
"JONI.PITKANEN","D","20112012","CAR",30,486.7,12,-0.124,-0.112,-0.12,4.96,-0.035,-0.91,-0.28,-1.2
"JORDAN.CARON","F","20112012","BOS",48,515.1,12.6,-0.332,-0.346,0.36,4.97,0.123,-2.97,1.06,-1.9
"JORDAN.EBERLE","F","20112012","EDM",78,1096.2,27.4,0.729,0.715,-0.08,4.97,-0.064,13.07,-1.16,11.9
"JORDAN.LEOPOLD","D","20112012","BUF",79,1403.8,34.1,0.201,0.213,-0.02,4.96,-0.021,4.99,-0.49,4.5
"JORDAN.NOLAN","F","20112012","L.A",26,234.4,5.9,-0.08,-0.093,-0.25,4.96,-0.079,-0.36,-0.31,-0.7
"JORDAN.STAAL","F","20112012","PIT",62,929.5,23.1,-0.118,-0.131,0.36,4.96,0.123,-2.04,1.9,-0.1
"JORDIN.TOOTOO","F","20112012","NSH",77,982.2,23.8,-0.087,-0.101,0.05,4.97,0.02,-1.65,0.32,-1.3
"JOSH.BAILEY","F","20112012","NYI",80,985.1,23.8,0.306,0.293,-0.22,4.97,-0.086,4.8,-1.42,3.4
"JOSH.GORGES","D","20112012","MTL",82,1484,37.7,0.158,0.17,-0.06,4.96,-0.034,4.19,-0.83,3.4
"JOSH.GREEN","F","20112012","EDM",7,71.3,1.8,-0.588,-0.602,-0.08,4.97,-0.022,-0.72,-0.03,-0.7
"J.T..BROWN","F","20112012","T.B",5,60.9,1.5,0.312,0.298,0.21,4.97,0.067,0.3,0.07,0.4
"JT.WYMAN","F","20112012","T.B",40,371.1,9.2,0.113,0.099,0.21,4.97,0.066,0.61,0.41,1
"JUSSI.JOKINEN","F","20112012","CAR",79,1040.1,25.7,0.086,0.072,-0.12,4.96,-0.041,1.25,-0.72,0.5
"JUSTIN.ABDELKADER","F","20112012","DET",81,869.9,21.7,-0.184,-0.197,0.27,4.96,0.096,-2.86,1.39,-1.5
"JUSTIN.BRAUN","D","20112012","S.J",66,940.3,22.8,-0.008,0.003,-0.07,4.96,-0.023,0.05,-0.36,-0.3
"JUSTIN.FALK","D","20112012","MIN",46,766.4,19.1,0.102,0.113,-0.39,4.95,-0.13,1.45,-1.66,-0.2
"JUSTIN.FAULK","D","20112012","CAR",66,1164.2,28.8,-0.108,-0.097,-0.12,4.96,-0.032,-1.87,-0.62,-2.5
"JUSTIN.WILLIAMS","F","20112012","L.A",82,1161.1,29.2,0.292,0.278,-0.25,4.96,-0.096,5.37,-1.87,3.5
"KARL.ALZNER","D","20112012","WSH",82,1453.4,35.6,-0.029,-0.018,0.02,4.97,0.007,-0.43,0.16,-0.3
"KASPARS.DAUGAVINS","F","20112012","OTT",64,591.3,15,-0.062,-0.076,0.08,4.96,0.028,-0.75,0.28,-0.5
"KEATON.ELLERBY","D","20112012","FLA",40,572.5,13.9,-0.011,0.001,-0.29,4.96,-0.093,0.01,-0.89,-0.9
"KEITH.AUCOIN","F","20112012","WSH",27,260.7,6.4,0.672,0.658,0.02,4.97,-0.003,2.86,-0.01,2.8
"KEITH.AULIE","D","20112012","T.B",19,203,5,-0.427,-0.415,0.21,4.97,0.073,-1.4,0.25,-1.2
"KEITH.AULIE","D","20112012","TOR",17,244.2,6,-0.205,-0.194,0.07,4.97,0.024,-0.79,0.1,-0.7
"KEITH.BALLARD","D","20112012","VAN",47,673.1,16.7,-0.336,-0.324,0.13,4.95,0.053,-3.63,0.59,-3
"KEITH.YANDLE","D","20112012","ARI",79,1450.3,36.5,0.199,0.211,0.06,4.96,0.003,5.1,0.07,5.2
"KENT.HUSKINS","D","20112012","STL",25,361.8,9.1,0.478,0.489,-0.1,4.95,-0.043,2.95,-0.26,2.7
"KEVIN.BIEKSA","D","20112012","VAN",78,1481.5,36.7,0.114,0.126,0.13,4.95,0.032,3.11,0.8,3.9
"KEVIN.KLEIN","D","20112012","NSH",66,1131.6,27.4,-0.345,-0.333,0.05,4.97,0.033,-6.28,0.63,-5.7
"KEVIN.MARSHALL","D","20112012","PHI",10,86.5,2.2,0.484,0.496,0.26,4.95,0.081,0.71,0.12,0.8
"KEVIN.PORTER","F","20112012","COL",35,288.2,7.1,-0.142,-0.156,-0.07,4.96,-0.019,-0.75,-0.09,-0.8
"KEVIN.SHATTENKIRK","D","20112012","STL",80,1321.4,33.2,0.051,0.063,-0.1,4.95,-0.038,1.39,-0.84,0.5
"KEVIN.WESTGARTH","F","20112012","L.A",25,131.1,3.3,0.574,0.56,-0.25,4.96,-0.084,1.22,-0.18,1
"KIMMO.TIMONEN","D","20112012","PHI",76,1034.5,26.6,-0.069,-0.057,0.26,4.95,0.086,-0.98,1.49,0.5
"KRIS.LETANG","D","20112012","PIT",51,950,23.7,0.609,0.621,0.36,4.96,0.087,9.83,1.37,11.2
"KRIS.RUSSELL","D","20112012","CBJ",12,166.1,4.2,0.41,0.422,-0.14,4.96,-0.05,1.17,-0.14,1
"KRIS.RUSSELL","D","20112012","STL",43,646.5,16.2,0.296,0.308,-0.1,4.95,-0.044,3.32,-0.47,2.8
"KRIS.VERSTEEG","F","20112012","FLA",71,1105.7,26.8,0.247,0.233,-0.29,4.96,-0.106,4.3,-1.95,2.3
"KRYS.BARCH","F","20112012","DAL",10,64.6,1.6,-1.051,-1.065,-0.01,4.96,-0.001,-1.15,0,-1.1
"KRYS.BARCH","F","20112012","FLA",41,303.7,7.4,-0.155,-0.168,-0.29,4.96,-0.091,-0.85,-0.46,-1.3
"KRYS.KOLANOS","F","20112012","CGY",13,114.2,2.8,-0.413,-0.427,-0.1,4.96,-0.031,-0.81,-0.06,-0.9
"KURTIS.FOSTER","D","20112012","ANA",9,112.8,2.8,-0.662,-0.651,-0.06,4.97,-0.017,-1.22,-0.03,-1.3
"KURTIS.FOSTER","D","20112012","MIN",13,141.4,3.5,0.228,0.24,-0.39,4.95,-0.128,0.56,-0.3,0.3
"KURTIS.FOSTER","D","20112012","N.J",28,370.3,9.1,-0.201,-0.189,-0.1,4.97,-0.029,-1.17,-0.18,-1.3
"KYLE.BRODZIAK","F","20112012","MIN",81,1177,29.4,0.111,0.097,-0.39,4.95,-0.132,1.9,-2.58,-0.7
"KYLE.CHIPCHURA","F","20112012","ARI",51,511.1,12.9,0.161,0.147,0.06,4.96,0.015,1.25,0.12,1.4
"KYLE.CLIFFORD","F","20112012","L.A",81,724.5,18.2,-0.098,-0.112,-0.25,4.96,-0.076,-1.35,-0.92,-2.3
"KYLE.OKPOSO","F","20112012","NYI",79,1182.1,28.5,0.188,0.174,-0.22,4.97,-0.082,3.43,-1.62,1.8
"KYLE.PALMIERI","F","20112012","ANA",18,189.2,4.7,0.93,0.916,-0.06,4.97,-0.029,2.89,-0.09,2.8
"KYLE.QUINCEY","D","20112012","COL",54,928.9,22.7,0.108,0.119,-0.07,4.96,-0.027,1.85,-0.42,1.4
"KYLE.QUINCEY","D","20112012","DET",18,287.6,7.2,-0.091,-0.079,0.27,4.96,0.088,-0.38,0.42,0
"KYLE.TURRIS","F","20112012","ARI",6,68.9,1.7,-1.346,-1.359,0.06,4.96,0.023,-1.56,0.03,-1.5
"KYLE.TURRIS","F","20112012","OTT",48,728.8,18.5,-0.051,-0.065,0.08,4.96,0.029,-0.79,0.35,-0.4
"KYLE.WELLWOOD","F","20112012","WPG",77,979.8,24.3,0.094,0.08,0.06,4.97,0.015,1.3,0.25,1.6
"LADISLAV.SMID","D","20112012","EDM",78,1348.7,33.8,0.019,0.031,-0.08,4.97,-0.026,0.69,-0.59,0.1
"LANCE.BOUMA","F","20112012","CGY",27,256.1,6.3,-0.647,-0.661,-0.1,4.96,-0.025,-2.82,-0.11,-2.9
"LARS.ELLER","F","20112012","MTL",79,1014.6,25.8,-0.132,-0.146,-0.06,4.96,-0.013,-2.47,-0.22,-2.7
"LAURI.KORPIKOSKI","F","20112012","ARI",79,1077.6,27.2,-0.021,-0.035,0.06,4.96,0.02,-0.63,0.36,-0.3
"LEE.STEMPNIAK","F","20112012","CGY",61,777.6,19,0.297,0.283,-0.1,4.96,-0.044,3.67,-0.58,3.1
"LENNART.PETRELL","F","20112012","EDM",60,504.6,12.6,-0.484,-0.498,-0.08,4.97,-0.012,-4.19,-0.1,-4.3
"LINUS.OMARK","F","20112012","EDM",14,161.1,4,-0.73,-0.744,-0.08,4.97,-0.018,-2,-0.05,-2
"LOGAN.COUTURE","F","20112012","S.J",80,1147.2,27.8,-0.069,-0.083,-0.07,4.96,-0.018,-1.58,-0.35,-1.9
"LOUI.ERIKSSON","F","20112012","DAL",82,1229,30.6,0.267,0.253,-0.01,4.96,-0.02,5.18,-0.41,4.8
"LOUIS.LEBLANC","F","20112012","MTL",42,447.1,11.3,0.072,0.058,-0.06,4.96,-0.022,0.43,-0.16,0.3
"LUBOMIR.VISNOVSKY","D","20112012","ANA",68,1140,28.5,0.171,0.183,-0.06,4.97,-0.031,3.48,-0.59,2.9
"LUCA.SBISA","D","20112012","ANA",80,1229.7,30.8,-0.033,-0.022,-0.06,4.97,-0.019,-0.45,-0.39,-0.8
"LUKE.ADAM","F","20112012","BUF",52,554.5,13.5,-0.048,-0.062,-0.02,4.96,-0.004,-0.57,-0.04,-0.6
"LUKE.SCHENN","D","20112012","TOR",79,1151,28,0.157,0.169,0.07,4.97,0.012,3.24,0.24,3.5
"MAGNUS.PAAJARVI","F","20112012","EDM",41,485.6,12.2,-0.623,-0.637,-0.08,4.97,-0.009,-5.16,-0.07,-5.2
"MAKSIM.MAYOROV","F","20112012","CBJ",10,103.7,2.6,-0.276,-0.29,-0.14,4.96,-0.045,-0.5,-0.08,-0.6
"MANNY.MALHOTRA","F","20112012","VAN",78,762.7,18.9,-0.081,-0.095,0.13,4.95,0.045,-1.21,0.58,-0.6
"MARC-ANDRE.BERGERON","D","20112012","T.B",43,689.1,17.1,0.403,0.415,0.21,4.97,0.054,4.77,0.62,5.4
"MARC-ANDRE.BOURDON","D","20112012","PHI",45,688.8,17.7,-0.102,-0.09,0.26,4.95,0.087,-1.04,0.99,0
"MARC-ANDRE.GRAGNANI","D","20112012","BUF",44,589.2,14.3,0.199,0.211,-0.02,4.96,-0.012,2.07,-0.12,2
"MARC-ANDRE.GRAGNANI","D","20112012","VAN",14,192.7,4.8,-0.571,-0.559,0.13,4.95,0.047,-1.79,0.15,-1.6
"MARC-ANTOINE.POULIOT","F","20112012","ARI",12,134.3,3.4,0.278,0.264,0.06,4.96,0.017,0.59,0.04,0.6
"MARC-EDOUARD.VLASIC","D","20112012","S.J",82,1656.5,40.1,0.029,0.041,-0.07,4.96,-0.026,1.12,-0.72,0.4
"MARCEL.GOC","F","20112012","FLA",57,803.8,19.5,0.186,0.172,-0.29,4.96,-0.1,2.31,-1.34,1
"MARC.METHOT","D","20112012","CBJ",46,808.2,20.5,-0.39,-0.378,-0.14,4.96,-0.031,-5.1,-0.41,-5.5
"MARCO.SCANDELLA","D","20112012","MIN",62,1065.7,26.6,-0.188,-0.176,-0.39,4.95,-0.116,-3.13,-2.07,-5.2
"MARCO.STURM","F","20112012","FLA",42,435.5,10.6,-0.192,-0.206,-0.29,4.96,-0.089,-1.49,-0.64,-2.1
"MARCO.STURM","F","20112012","VAN",6,60.4,1.5,-0.95,-0.964,0.13,4.95,0.045,-0.97,0.04,-0.9
"MARC.STAAL","D","20112012","NYR",46,807.9,20,-0.26,-0.248,0.02,4.96,0.018,-3.34,0.24,-3.1
"MARCUS.FOLIGNO","F","20112012","BUF",14,201.1,4.9,1.791,1.777,-0.02,4.96,-0.024,5.96,-0.08,5.9
"MARCUS.JOHANSSON","F","20112012","WSH",80,1103.1,27.1,0.321,0.307,0.02,4.97,-0.011,5.65,-0.21,5.4
"MARCUS.KRUGER","F","20112012","CHI",71,877.2,21.5,0.064,0.05,0.16,4.97,0.048,0.74,0.7,1.4
"MAREK.ZIDLICKY","D","20112012","MIN",41,683.5,17.1,0.142,0.154,-0.39,4.95,-0.131,1.75,-1.5,0.3
"MAREK.ZIDLICKY","D","20112012","N.J",22,397.1,9.7,0.019,0.031,-0.1,4.97,-0.033,0.2,-0.22,0
"MARIAN.GABORIK","F","20112012","NYR",82,1265.5,31.3,0.301,0.287,0.02,4.96,-0.01,6.05,-0.21,5.8
"MARIAN.HOSSA","F","20112012","CHI",81,1182,28.9,0.162,0.148,0.16,4.97,0.042,2.91,0.82,3.7
"MARK.EATON","D","20112012","NYI",62,863.2,20.8,-0.086,-0.074,-0.22,4.97,-0.069,-1.07,-1,-2.1
"MARK.FAYNE","D","20112012","N.J",82,1389.6,34.1,0.015,0.027,-0.1,4.97,-0.034,0.63,-0.8,-0.2
"MARK.FISTRIC","D","20112012","DAL",60,844.5,21,-0.365,-0.353,-0.01,4.96,0.01,-4.97,0.15,-4.8
"MARK.FLOOD","D","20112012","WPG",33,431.8,10.7,-0.339,-0.327,0.06,4.97,0.026,-2.36,0.19,-2.2
"MARK.GIORDANO","D","20112012","CGY",61,1046.3,25.5,0.244,0.256,-0.1,4.96,-0.047,4.46,-0.82,3.6
"MARK.LETESTU","F","20112012","CBJ",51,634.1,16.1,0.171,0.157,-0.14,4.96,-0.051,1.66,-0.54,1.1
"MARK.LETESTU","F","20112012","PIT",11,113.9,2.8,-0.655,-0.669,0.36,4.96,0.12,-1.27,0.23,-1
"MARK.OLVER","F","20112012","COL",24,290.3,7.1,-0.257,-0.271,-0.07,4.96,-0.018,-1.31,-0.09,-1.4
"MARK.SCHEIFELE","F","20112012","WPG",7,61.4,1.5,-1.142,-1.156,0.06,4.97,0.023,-1.18,0.02,-1.2
"MARK.STREIT","D","20112012","NYI",82,1525.6,36.8,0.116,0.127,-0.22,4.97,-0.082,3.24,-2.08,1.2
"MARK.STUART","D","20112012","WPG",80,1125.5,27.9,-0.177,-0.165,0.06,4.97,0.028,-3.1,0.53,-2.6
"MARTIN.ERAT","F","20112012","NSH",71,1043.4,25.3,0.148,0.134,0.05,4.97,0.008,2.33,0.14,2.5
"MARTIN.HANZAL","F","20112012","ARI",62,850,21.4,-0.017,-0.031,0.06,4.96,0.02,-0.44,0.28,-0.2
"MARTIN.HAVLAT","F","20112012","S.J",39,568.5,13.8,0.117,0.103,-0.07,4.96,-0.026,0.98,-0.24,0.7
"MARTIN.ST. LOUIS","F","20112012","T.B",77,1384.2,34.3,0.302,0.288,0.21,4.97,0.048,6.64,1.12,7.8
"MARTY.REASONER","F","20112012","NYI",61,619.8,14.9,-0.432,-0.446,-0.22,4.97,-0.059,-4.61,-0.61,-5.2
"MASON.RAYMOND","F","20112012","VAN",55,736.6,18.3,-0.078,-0.092,0.13,4.95,0.045,-1.13,0.55,-0.6
"MATHIEU.DARCHE","F","20112012","MTL",61,592.2,15,-0.47,-0.484,-0.06,4.96,-0.006,-4.78,-0.06,-4.8
"MATHIEU.PERREAULT","F","20112012","WSH",64,694.6,17,0.706,0.692,0.02,4.97,-0.018,8.01,-0.21,7.8
"MATS.ZUCCARELLO","F","20112012","NYR",10,69.6,1.7,-0.36,-0.374,0.02,4.96,0.009,-0.43,0.01,-0.4
"MATT.BELESKEY","F","20112012","ANA",70,692.1,17.3,0.033,0.019,-0.06,4.97,-0.021,0.22,-0.25,0
"MATT.BRADLEY","F","20112012","FLA",45,460.9,11.2,-0.197,-0.211,-0.29,4.96,-0.088,-1.62,-0.68,-2.3
"MATT.CALVERT","F","20112012","CBJ",13,116.3,2.9,0.109,0.095,-0.14,4.96,-0.047,0.18,-0.09,0.1
"MATT.CARKNER","D","20112012","OTT",28,309.6,7.8,-0.213,-0.201,0.08,4.96,0.029,-1.04,0.15,-0.9
"MATT.CARLE","D","20112012","PHI",82,1505.3,38.8,-0.086,-0.074,0.26,4.95,0.089,-1.86,2.24,0.4
"MATT.COOKE","F","20112012","PIT",82,968.9,24.1,-0.171,-0.184,0.36,4.96,0.125,-2.98,2.02,-1
"MATT.CULLEN","F","20112012","MIN",73,1020.3,25.5,0.101,0.087,-0.39,4.95,-0.13,1.48,-2.22,-0.7
"MATT.D'AGOSTINI","F","20112012","STL",54,649.6,16.3,0.208,0.194,-0.1,4.95,-0.04,2.1,-0.44,1.7
"MATT.DUCHENE","F","20112012","COL",58,780.7,19.1,-0.115,-0.129,-0.07,4.96,-0.017,-1.67,-0.22,-1.9
"MATT.ELLIS","F","20112012","BUF",60,558.9,13.6,-0.177,-0.191,-0.02,4.96,-0.001,-1.78,-0.01,-1.8
"MATT.FRATTIN","F","20112012","TOR",56,693.8,16.9,-0.041,-0.055,0.07,4.97,0.024,-0.64,0.27,-0.4
"MATT.GILROY","D","20112012","OTT",14,219.4,5.6,-0.119,-0.107,0.08,4.96,0.027,-0.39,0.1,-0.3
"MATT.GILROY","D","20112012","T.B",53,833.5,20.6,0.176,0.187,0.21,4.97,0.061,2.6,0.84,3.4
"MATT.GREENE","D","20112012","L.A",82,1095,27.5,0.034,0.045,-0.25,4.96,-0.083,0.83,-1.51,-0.7
"MATT.HALISCHUK","F","20112012","NSH",73,714.6,17.3,0.287,0.273,0.05,4.97,0.005,3.26,0.06,3.3
"MATT.HENDRICKS","F","20112012","WSH",78,830.1,20.4,-0.476,-0.49,0.02,4.97,0.026,-6.78,0.35,-6.4
"MATTHEW.LOMBARDI","F","20112012","TOR",62,725.4,17.7,-0.182,-0.195,0.07,4.97,0.029,-2.36,0.35,-2
"MATT.HUNWICK","D","20112012","COL",33,514.8,12.6,-0.4,-0.389,-0.07,4.96,-0.012,-3.33,-0.1,-3.4
"MATTIAS.TEDENBY","F","20112012","N.J",43,441.1,10.8,-0.293,-0.307,-0.1,4.97,-0.026,-2.26,-0.19,-2.4
"MATT.KASSIAN","F","20112012","MIN",24,131.2,3.3,0.057,0.043,-0.39,4.95,-0.126,0.09,-0.28,-0.2
"MATT.MARTIN","F","20112012","NYI",80,828.8,20,-0.45,-0.463,-0.22,4.97,-0.054,-6.4,-0.74,-7.1
"MATT.MOULSON","F","20112012","NYI",82,1290.5,31.1,0.393,0.379,-0.22,4.97,-0.096,8.15,-2.07,6.1
"MATT.NISKANEN","D","20112012","PIT",75,1130.7,28.2,-0.001,0.011,0.36,4.96,0.116,0.21,2.18,2.4
"MATT.READ","F","20112012","PHI",79,937.2,24.1,0.265,0.251,0.26,4.95,0.071,3.93,1.11,5
"MATT.STAJAN","F","20112012","CGY",61,696.6,17,0.095,0.081,-0.1,4.96,-0.036,0.94,-0.42,0.5
"MATT.TAORMINA","D","20112012","N.J",30,454.9,11.2,0.093,0.105,-0.1,4.97,-0.035,0.79,-0.26,0.5
"MAXIME.MACENAUER","F","20112012","ANA",29,219.9,5.5,-0.294,-0.308,-0.06,4.97,-0.017,-1.13,-0.06,-1.2
"MAXIM.LAPIERRE","F","20112012","VAN",82,817,20.3,-0.196,-0.21,0.13,4.95,0.05,-2.86,0.68,-2.2
"MAX.PACIORETTY","F","20112012","MTL",79,1163.2,29.5,0.251,0.237,-0.06,4.96,-0.035,4.6,-0.67,3.9
"MAX.TALBOT","F","20112012","PHI",81,973.6,25.1,-0.022,-0.035,0.26,4.95,0.085,-0.58,1.38,0.8
"MICHAEL.DEL ZOTTO","D","20112012","NYR",77,1277.8,31.6,0.2,0.212,0.02,4.96,-0.005,4.51,-0.12,4.4
"MICHAEL.FROLIK","F","20112012","CHI",63,721.6,17.7,-0.832,-0.845,0.16,4.97,0.08,-10.17,0.97,-9.2
"MICHAEL.GRABNER","F","20112012","NYI",78,1006.6,24.3,0.011,-0.003,-0.22,4.97,-0.072,-0.05,-1.21,-1.3
"MICHAEL.RYDER","F","20112012","DAL",82,1177.6,29.3,0.393,0.379,-0.01,4.96,-0.027,7.44,-0.53,6.9
"MICHAEL.SAUER","D","20112012","NYR",19,314.9,7.8,0.4,0.412,0.02,4.96,0.002,2.16,0.01,2.2
"MICHAEL.STONE","D","20112012","ARI",12,152.8,3.9,0.737,0.749,0.06,4.96,0.013,1.91,0.03,1.9
"MICHAL.HANDZUS","F","20112012","S.J",67,792.4,19.2,-0.202,-0.216,-0.07,4.96,-0.015,-2.85,-0.19,-3
"MICHAL.REPIK","F","20112012","FLA",17,162.9,4,-0.085,-0.099,-0.29,4.96,-0.092,-0.27,-0.25,-0.5
"MICHAL.ROZSIVAL","D","20112012","ARI",51,888.1,22.4,-0.188,-0.176,0.06,4.96,0.026,-2.6,0.39,-2.2
"MICHEAL.HALEY","F","20112012","NYI",14,107.1,2.6,-0.863,-0.877,-0.22,4.97,-0.068,-1.57,-0.12,-1.7
"MIKAEL.BACKLUND","F","20112012","CGY",41,537.6,13.1,-0.296,-0.31,-0.1,4.96,-0.025,-2.78,-0.23,-3
"MIKAEL.SAMUELSSON","F","20112012","FLA",48,645.5,15.7,0.157,0.143,-0.29,4.96,-0.098,1.54,-1.05,0.5
"MIKAEL.SAMUELSSON","F","20112012","VAN",6,64.5,1.6,-0.359,-0.373,0.13,4.95,0.043,-0.4,0.05,-0.4
"MIKA.ZIBANEJAD","F","20112012","OTT",9,103.8,2.6,-1.139,-1.153,0.08,4.96,0.032,-2,0.06,-1.9
"MIKE.BLUNDEN","F","20112012","MTL",39,348.7,8.9,-0.226,-0.24,-0.06,4.96,-0.016,-1.4,-0.1,-1.5
"MIKE.BROWN","F","20112012","TOR",50,427.2,10.4,-0.509,-0.523,0.07,4.97,0.033,-3.72,0.23,-3.5
"MIKE.CAMMALLERI","F","20112012","CGY",28,426.8,10.4,0.151,0.137,-0.1,4.96,-0.036,0.98,-0.26,0.7
"MIKE.CAMMALLERI","F","20112012","MTL",38,510.2,13,0.168,0.154,-0.06,4.96,-0.025,1.31,-0.21,1.1
"MIKE.COMMODORE","D","20112012","DET",17,192.2,4.8,-0.593,-0.582,0.27,4.96,0.093,-1.86,0.3,-1.6
"MIKE.COMMODORE","D","20112012","T.B",13,157.6,3.9,0.549,0.561,0.21,4.97,0.064,1.47,0.17,1.6
"MIKE.FISHER","F","20112012","NSH",72,1107,26.8,0.168,0.154,0.05,4.97,0.007,2.84,0.12,3
"MIKE.GREEN","D","20112012","WSH",32,537.2,13.2,0.36,0.372,0.02,4.97,-0.004,3.33,-0.04,3.3
"MIKE.KNUBLE","F","20112012","WSH",72,825.2,20.2,-0.621,-0.635,0.02,4.97,0.031,-8.73,0.43,-8.3
"MIKE.KOMISAREK","D","20112012","TOR",45,665,16.2,-0.133,-0.121,0.07,4.97,0.026,-1.34,0.29,-1.1
"MIKE.LUNDIN","D","20112012","MIN",17,289.3,7.2,0.215,0.226,-0.39,4.95,-0.129,1.09,-0.62,0.5
"MIKE.MOTTAU","D","20112012","BOS",6,79.3,1.9,-1.17,-1.158,0.36,4.97,0.119,-1.53,0.16,-1.4
"MIKE.MOTTAU","D","20112012","NYI",29,376.1,9.1,0.002,0.014,-0.22,4.97,-0.073,0.09,-0.46,-0.4
"MIKE.RIBEIRO","F","20112012","DAL",74,1169.5,29.1,0.09,0.076,-0.01,4.96,-0.009,1.48,-0.17,1.3
"MIKE.RICHARDS","F","20112012","L.A",74,989.4,24.9,-0.027,-0.04,-0.25,4.96,-0.078,-0.67,-1.29,-2
"MIKE.RUPP","F","20112012","NYR",60,384.9,9.5,-0.491,-0.505,0.02,4.96,0.018,-3.24,0.11,-3.1
"MIKE.SANTORELLI","F","20112012","FLA",60,671.2,16.3,-0.224,-0.238,-0.29,4.96,-0.085,-2.66,-0.96,-3.6
"MIKE.WEAVER","D","20112012","FLA",82,1400.8,34,0.121,0.132,-0.29,4.96,-0.102,3.09,-2.39,0.7
"MIKE.WEBER","D","20112012","BUF",51,846.5,20.6,-0.591,-0.579,-0.02,4.96,0.018,-8.17,0.25,-7.9
"MIKHAIL.GRABOVSKI","F","20112012","TOR",74,1103.3,26.9,0.306,0.292,0.07,4.97,0.006,5.37,0.11,5.5
"MIKKEL.BOEDKER","F","20112012","ARI",79,963.7,24.3,-0.247,-0.261,0.06,4.96,0.031,-4.19,0.5,-3.7
"MIKKO.KOIVU","F","20112012","MIN",54,840.6,21,0.133,0.119,-0.39,4.95,-0.131,1.66,-1.84,-0.2
"MILAN.HEJDUK","F","20112012","COL",81,1156.8,28.3,-0.105,-0.119,-0.07,4.96,-0.015,-2.3,-0.29,-2.6
"MILAN.JURCINA","D","20112012","NYI",65,1043,25.1,-0.191,-0.18,-0.22,4.97,-0.063,-3.12,-1.1,-4.2
"MILAN.LUCIC","F","20112012","BOS",81,1173.8,28.7,0.102,0.089,0.36,4.97,0.109,1.73,2.14,3.9
"MILAN.MICHALEK","F","20112012","OTT",76,1127.2,28.6,0.165,0.151,0.08,4.96,0.017,2.83,0.33,3.2
"NATE.GUENIN","D","20112012","ANA",15,163.6,4.1,0.68,0.692,-0.06,4.97,-0.026,1.89,-0.07,1.8
"NATE.PROSSER","D","20112012","MIN",51,815,20.3,0.026,0.038,-0.39,4.95,-0.128,0.51,-1.73,-1.2
"NATE.THOMPSON","F","20112012","T.B",68,806.6,20,-0.62,-0.633,0.21,4.97,0.094,-8.52,1.26,-7.3
"NATHAN.GERBE","F","20112012","BUF",62,817.7,19.9,0.031,0.017,-0.02,4.96,-0.007,0.23,-0.09,0.1
"NATHAN.HORTON","F","20112012","BOS",46,605.5,14.8,0.243,0.229,0.36,4.97,0.108,2.31,1.08,3.4
"NAZEM.KADRI","F","20112012","TOR",21,261.1,6.4,0.148,0.135,0.07,4.97,0.02,0.59,0.09,0.7
"NICK.BONINO","F","20112012","ANA",50,581,14.5,0.219,0.205,-0.06,4.97,-0.027,1.99,-0.26,1.7
"NICK.FOLIGNO","F","20112012","OTT",81,1049.4,26.6,0.068,0.055,0.08,4.96,0.023,0.95,0.41,1.4
"NICK.JOHNSON","F","20112012","MIN",76,1059.4,26.4,0.29,0.276,-0.39,4.95,-0.141,4.88,-2.48,2.4
"NICKLAS.BACKSTROM","F","20112012","WSH",42,611.7,15,0.194,0.18,0.02,4.97,0,1.84,0,1.8
"NICKLAS.GROSSMANN","D","20112012","DAL",52,850.3,21.2,-0.292,-0.28,-0.01,4.96,0.007,-3.97,0.11,-3.9
"NICKLAS.GROSSMANN","D","20112012","PHI",22,356,9.2,-0.043,-0.032,0.26,4.95,0.084,-0.19,0.5,0.3
"NICKLAS.LIDSTROM","D","20112012","DET",70,1259,31.4,-0.052,-0.04,0.27,4.96,0.09,-0.84,1.89,1
"NICK.LEDDY","D","20112012","CHI",82,1508.4,36.9,-0.158,-0.147,0.16,4.97,0.061,-3.68,1.54,-2.1
"NICK.PALMIERI","F","20112012","MIN",9,88.6,2.2,-0.458,-0.472,-0.39,4.95,-0.124,-0.7,-0.18,-0.9
"NICK.PALMIERI","F","20112012","N.J",29,286.5,7,-0.014,-0.028,-0.1,4.97,-0.032,-0.13,-0.15,-0.3
"NICK.SCHULTZ","D","20112012","EDM",20,346.6,8.7,-0.569,-0.558,-0.08,4.97,-0.014,-3.22,-0.08,-3.3
"NICK.SCHULTZ","D","20112012","MIN",62,1025.2,25.6,-0.261,-0.249,-0.39,4.95,-0.113,-4.25,-1.93,-6.2
"NICK.SPALING","F","20112012","NSH",77,1034.1,25.1,-0.206,-0.22,0.05,4.97,0.026,-3.79,0.45,-3.3
"NICLAS.BERGFORS","F","20112012","NSH",11,79.6,1.9,0.368,0.354,0.05,4.97,0.013,0.47,0.02,0.5
"NIK.ANTROPOV","F","20112012","WPG",69,850.5,21.1,0.031,0.017,0.06,4.97,0.018,0.24,0.26,0.5
"NIKITA.FILATOV","F","20112012","OTT",9,78.2,2,-0.68,-0.694,0.08,4.96,0.029,-0.9,0.04,-0.9
"NIKITA.NIKITIN","D","20112012","CBJ",54,952.8,24.1,0.207,0.218,-0.14,4.96,-0.057,3.47,-0.91,2.6
"NIKITA.NIKITIN","D","20112012","STL",7,107.2,2.7,-0.674,-0.663,-0.1,4.95,-0.03,-1.18,-0.05,-1.2
"NIKLAS.HAGMAN","F","20112012","ANA",63,771.3,19.3,-0.272,-0.286,-0.06,4.97,-0.009,-3.68,-0.12,-3.8
"NIKLAS.HAGMAN","F","20112012","CGY",8,103.9,2.5,0.125,0.111,-0.1,4.96,-0.034,0.19,-0.06,0.1
"NIKLAS.HJALMARSSON","D","20112012","CHI",69,1207.8,29.6,-0.163,-0.152,0.16,4.97,0.059,-3.05,1.19,-1.9
"NIKLAS.KRONWALL","D","20112012","DET",82,1395,34.8,-0.204,-0.192,0.27,4.96,0.101,-4.48,2.34,-2.1
"NIKOLAY.KULEMIN","F","20112012","TOR",70,905.6,22.1,-0.022,-0.036,0.07,4.97,0.023,-0.54,0.35,-0.2
"NINO.NIEDERREITER","F","20112012","NYI",55,533.2,12.9,-0.769,-0.783,-0.22,4.97,-0.052,-6.96,-0.46,-7.4
"OLIVER.EKMAN-LARSSON","D","20112012","ARI",79,1451.2,36.6,-0.22,-0.208,0.06,4.96,0.034,-5.03,0.82,-4.2
"OLLI.JOKINEN","F","20112012","CGY",82,1230,30,0.183,0.169,-0.1,4.96,-0.044,3.47,-0.9,2.6
"P.A..PARENTEAU","F","20112012","NYI",80,1223.5,29.5,0.234,0.22,-0.22,4.97,-0.086,4.48,-1.74,2.7
"PASCAL.DUPUIS","F","20112012","PIT",82,1150.3,28.6,0.234,0.22,0.36,4.96,0.104,4.21,1.99,6.2
"PATRICE.BERGERON","F","20112012","BOS",81,1120,27.4,0.082,0.068,0.36,4.97,0.111,1.28,2.06,3.3
"PATRIC.HORNQVIST","F","20112012","NSH",76,946.2,22.9,0.043,0.029,0.05,4.97,0.013,0.46,0.21,0.7
"PATRICK.DWYER","F","20112012","CAR",73,942.8,23.3,-0.409,-0.423,-0.12,4.96,-0.018,-6.65,-0.28,-6.9
"PATRICK.EAVES","F","20112012","DET",10,84.5,2.1,-0.271,-0.284,0.27,4.96,0.089,-0.4,0.12,-0.3
"PATRICK.KALETA","F","20112012","BUF",63,693.9,16.9,-0.403,-0.417,-0.02,4.96,0.008,-4.82,0.09,-4.7
"PATRICK.KANE","F","20112012","CHI",82,1338.9,32.8,0.09,0.076,0.16,4.97,0.045,1.69,1.01,2.7
"PATRICK.MARLEAU","F","20112012","S.J",82,1254.9,30.4,0.26,0.246,-0.07,4.96,-0.038,5.14,-0.79,4.3
"PATRICK.O'SULLIVAN","F","20112012","ARI",22,196.7,5,-0.346,-0.36,0.06,4.96,0.022,-1.18,0.07,-1.1
"PATRICK.SHARP","F","20112012","CHI",74,1099.8,26.9,0.652,0.638,0.16,4.97,0.016,11.7,0.29,12
"PATRIK.BERGLUND","F","20112012","STL",81,1115.6,28,0.008,-0.006,-0.1,4.95,-0.034,-0.12,-0.62,-0.7
"PATRIK.ELIAS","F","20112012","N.J",81,1148.9,28.2,0.176,0.162,-0.1,4.97,-0.042,3.1,-0.8,2.3
"PAUL.BISSONNETTE","F","20112012","ARI",30,177.3,4.5,-1.113,-1.127,0.06,4.96,0.029,-3.33,0.08,-3.2
"PAUL.BYRON","F","20112012","CGY",22,220.6,5.4,-0.203,-0.217,-0.1,4.96,-0.031,-0.8,-0.11,-0.9
"PAUL.GAUSTAD","F","20112012","BUF",56,665.3,16.2,-0.109,-0.123,-0.02,4.96,-0.002,-1.36,-0.02,-1.4
"PAUL.GAUSTAD","F","20112012","NSH",14,152.7,3.7,-0.071,-0.085,0.05,4.97,0.015,-0.22,0.04,-0.2
"PAUL.MARTIN","D","20112012","PIT",73,1329.4,33.1,-0.152,-0.141,0.36,4.96,0.126,-3.12,2.79,-0.3
"PAUL.STASTNY","F","20112012","COL",79,1217.9,29.8,0.225,0.211,-0.07,4.96,-0.034,4.29,-0.7,3.6
"PAUL.SZCZECHURA","F","20112012","BUF",9,102.6,2.5,0.688,0.674,-0.02,4.96,-0.01,1.15,-0.02,1.1
"PAVEL.DATSYUK","F","20112012","DET",70,1044.1,26,0.095,0.082,0.27,4.96,0.083,1.42,1.45,2.9
"PAVEL.KUBINA","D","20112012","PHI",17,271.3,7,-0.663,-0.651,0.26,4.95,0.093,-2.94,0.42,-2.5
"PAVEL.KUBINA","D","20112012","T.B",52,846,20.9,0.195,0.207,0.21,4.97,0.06,2.91,0.84,3.8
"PETER.HARROLD","D","20112012","N.J",11,147.8,3.6,0.082,0.094,-0.1,4.97,-0.033,0.23,-0.08,0.1
"PETER.MUELLER","F","20112012","COL",32,404.5,9.9,-0.226,-0.239,-0.07,4.96,-0.017,-1.61,-0.11,-1.7
"PETER.REGIN","F","20112012","OTT",10,122,3.1,0.254,0.24,0.08,4.96,0.025,0.49,0.05,0.5
"PETR.SYKORA","F","20112012","N.J",82,1129.5,27.7,0.224,0.211,-0.1,4.97,-0.044,3.96,-0.83,3.1
"PETTERI.NOKELAINEN","F","20112012","MTL",51,359.6,9.1,-0.341,-0.355,-0.06,4.96,-0.014,-2.13,-0.08,-2.2
"PHILIP.LARSEN","D","20112012","DAL",55,886.5,22.1,0.351,0.363,-0.01,4.96,-0.021,5.37,-0.31,5.1
"PHILIPPE.DUPUIS","F","20112012","TOR",30,239,5.8,-1.202,-1.216,0.07,4.97,0.036,-4.85,0.14,-4.7
"PHIL.KESSEL","F","20112012","TOR",82,1329,32.4,0.221,0.207,0.07,4.97,0.008,4.58,0.19,4.8
"PIERRE-CEDRIC.LABRIE","F","20112012","T.B",14,82.2,2,-0.564,-0.577,0.21,4.97,0.071,-0.79,0.1,-0.7
"PIERRE-MARC.BOUCHARD","F","20112012","MIN",37,469.6,11.7,0.367,0.353,-0.39,4.95,-0.134,2.77,-1.05,1.7
"P.K..SUBBAN","D","20112012","MTL",81,1443.9,36.6,0.222,0.234,-0.06,4.96,-0.038,5.63,-0.91,4.7
"RADEK.DVORAK","F","20112012","DAL",73,883,22,-0.07,-0.084,-0.01,4.96,-0.001,-1.24,-0.01,-1.3
"RADEK.MARTINEK","D","20112012","CBJ",7,111.7,2.8,0.496,0.508,-0.14,4.96,-0.049,0.94,-0.09,0.9
"RADIM.VRBATA","F","20112012","ARI",74,1020.2,25.7,0.24,0.226,0.06,4.96,0.007,3.84,0.11,4
"RAFFI.TORRES","F","20112012","ARI",77,809.5,20.4,0.058,0.044,0.06,4.96,0.017,0.6,0.22,0.8
"RANDY.JONES","D","20112012","WPG",39,506.1,12.6,0.435,0.447,0.06,4.97,0.008,3.77,0.06,3.8
"RAPHAEL.DIAZ","D","20112012","MTL",59,875.4,22.2,-0.299,-0.287,-0.06,4.96,-0.008,-4.18,-0.11,-4.3
"RAY.WHITNEY","F","20112012","ARI",79,1139.7,28.7,0.47,0.456,0.06,4.96,-0.008,8.66,-0.15,8.5
"RENE.BOURQUE","F","20112012","CGY",38,469.6,11.5,0.038,0.024,-0.1,4.96,-0.034,0.19,-0.27,-0.1
"RENE.BOURQUE","F","20112012","MTL",38,541.8,13.8,-0.475,-0.489,-0.06,4.96,-0.007,-4.41,-0.06,-4.5
"RICHARD.PARK","F","20112012","PIT",54,532.8,13.3,-0.408,-0.422,0.36,4.96,0.128,-3.74,1.13,-2.6
"RICH.PEVERLEY","F","20112012","BOS",57,695.3,17,-0.057,-0.07,0.36,4.97,0.117,-0.82,1.35,0.5
"RICK.NASH","F","20112012","CBJ",82,1190,30.2,0.174,0.16,-0.14,4.96,-0.056,3.17,-1.11,2.1
"R.J..UMBERGER","F","20112012","CBJ",77,1046.3,26.5,0.141,0.127,-0.14,4.96,-0.053,2.22,-0.93,1.3
"ROBERT.BORTUZZO","D","20112012","PIT",6,61.6,1.5,0.535,0.547,0.36,4.96,0.115,0.56,0.12,0.7
"ROB.KLINKHAMMER","F","20112012","OTT",15,152.7,3.9,-0.488,-0.502,0.08,4.96,0.03,-1.28,0.08,-1.2
"ROB.SCUDERI","D","20112012","L.A",82,1449.1,36.4,-0.115,-0.104,-0.25,4.96,-0.072,-2.51,-1.75,-4.3
"ROBYN.REGEHR","D","20112012","BUF",76,1200.2,29.2,-0.521,-0.509,-0.02,4.96,0.024,-10.18,0.48,-9.7
"ROD.PELLEY","F","20112012","ANA",45,343.3,8.6,-0.529,-0.543,-0.06,4.97,-0.011,-3.11,-0.06,-3.2
"ROMAN.HAMRLIK","D","20112012","WSH",68,1154.3,28.3,0.317,0.329,0.02,4.97,-0.013,6.32,-0.25,6.1
"ROMAN.HORAK","F","20112012","CGY",61,581.2,14.2,0.071,0.057,-0.1,4.96,-0.035,0.55,-0.34,0.2
"ROMAN.JOSI","D","20112012","NSH",52,829.1,20.1,-0.118,-0.106,0.05,4.97,0.019,-1.47,0.26,-1.2
"ROMAN.POLAK","D","20112012","STL",76,1228.9,30.9,-0.105,-0.094,-0.1,4.95,-0.028,-1.92,-0.58,-2.5
"RON.HAINSEY","D","20112012","WPG",56,989,24.6,0.198,0.21,0.06,4.97,0.009,3.46,0.14,3.6
"ROSTISLAV.KLESLA","D","20112012","ARI",62,1016,25.6,0.119,0.131,0.06,4.96,0.012,2.22,0.2,2.4
"RUSLAN.FEDOTENKO","F","20112012","NYR",73,862.8,21.4,-0.115,-0.129,0.02,4.96,0.014,-1.85,0.2,-1.7
"RYAN.CALLAHAN","F","20112012","NYR",76,1147.5,28.4,-0.275,-0.289,0.02,4.96,0.025,-5.52,0.47,-5
"RYAN.CARTER","F","20112012","FLA",7,60,1.5,-0.378,-0.391,-0.29,4.96,-0.092,-0.39,-0.09,-0.5
"RYAN.CARTER","F","20112012","N.J",65,613.1,15,-0.592,-0.606,-0.1,4.97,-0.014,-6.19,-0.15,-6.3
"RYANE.CLOWE","F","20112012","S.J",76,1149.1,27.8,-0.102,-0.116,-0.07,4.96,-0.016,-2.22,-0.31,-2.5
"RYAN.ELLIS","D","20112012","NSH",32,413.6,10,0.309,0.321,0.05,4.97,0.008,2.21,0.06,2.3
"RYAN.GARBUTT","F","20112012","DAL",20,162.2,4,-0.004,-0.018,-0.01,4.96,-0.004,-0.05,-0.01,-0.1
"RYAN.GETZLAF","F","20112012","ANA",82,1331.8,33.3,-0.119,-0.133,-0.06,4.97,-0.012,-2.96,-0.26,-3.2
"RYAN.JOHANSEN","F","20112012","CBJ",67,730.8,18.5,0.111,0.097,-0.14,4.96,-0.05,1.19,-0.61,0.6
"RYAN.JONES","F","20112012","EDM",79,949.1,23.8,0.027,0.014,-0.08,4.97,-0.025,0.21,-0.39,-0.2
"RYAN.KESLER","F","20112012","VAN",77,1094.7,27.1,-0.16,-0.174,0.13,4.95,0.051,-3.17,0.93,-2.2
"RYAN.MALONE","F","20112012","T.B",68,940.2,23.3,-0.019,-0.033,0.21,4.97,0.07,-0.52,1.09,0.6
"RYAN.MCDONAGH","D","20112012","NYR",82,1693.3,41.9,0.052,0.064,0.02,4.96,0.003,1.8,0.08,1.9
"RYAN.NUGENT-HOPKINS","F","20112012","EDM",62,882.5,22.1,0.255,0.241,-0.08,4.97,-0.035,3.55,-0.51,3
"RYAN.O'BYRNE","D","20112012","COL",74,1164,28.5,-0.15,-0.138,-0.07,4.96,-0.014,-2.68,-0.27,-2.9
"RYAN.O'MARRA","F","20112012","EDM",7,62.2,1.6,-0.528,-0.541,-0.08,4.97,-0.022,-0.56,-0.02,-0.6
"RYAN.O'REILLY","F","20112012","COL",81,1260.4,30.9,0.022,0.008,-0.07,4.96,-0.022,0.17,-0.46,-0.3
"RYAN.REAVES","F","20112012","STL",60,385.1,9.7,-0.325,-0.339,-0.1,4.95,-0.027,-2.17,-0.18,-2.3
"RYAN.RUSSELL","F","20112012","CBJ",41,399.1,10.1,-0.542,-0.556,-0.14,4.96,-0.035,-3.7,-0.23,-3.9
"RYAN.SHANNON","F","20112012","T.B",45,475.5,11.8,-0.406,-0.42,0.21,4.97,0.078,-3.33,0.62,-2.7
"RYAN.SMYTH","F","20112012","EDM",82,1153.1,28.9,0.178,0.164,-0.08,4.97,-0.034,3.16,-0.65,2.5
"RYAN.SUTER","D","20112012","NSH",79,1573.9,38.2,-0.09,-0.079,0.05,4.97,0.021,-2.06,0.55,-1.5
"RYAN.WHITE","F","20112012","MTL",20,241.2,6.1,-0.574,-0.588,-0.06,4.96,-0.013,-2.36,-0.05,-2.4
"RYAN.WHITNEY","D","20112012","EDM",51,888.8,22.2,-0.203,-0.191,-0.08,4.97,-0.016,-2.83,-0.23,-3.1
"RYAN.WILSON","D","20112012","COL",59,976.8,23.9,0.353,0.365,-0.07,4.96,-0.039,5.95,-0.64,5.3
"SAKU.KOIVU","F","20112012","ANA",74,1031.3,25.8,0.349,0.335,-0.06,4.97,-0.038,5.76,-0.65,5.1
"SAM.GAGNER","F","20112012","EDM",75,1080.6,27,0.265,0.252,-0.08,4.97,-0.038,4.53,-0.68,3.8
"SAMI.LEPISTO","D","20112012","CHI",26,267.6,6.6,0.184,0.196,0.16,4.97,0.048,0.87,0.21,1.1
"SAMI.SALO","D","20112012","VAN",69,1045.6,25.9,-0.118,-0.106,0.13,4.95,0.047,-1.86,0.82,-1
"SAMUEL.PAHLSSON","F","20112012","CBJ",61,752.9,19.1,-0.245,-0.259,-0.14,4.96,-0.036,-3.25,-0.46,-3.7
"SAMUEL.PAHLSSON","F","20112012","VAN",19,233.9,5.8,-0.196,-0.21,0.13,4.95,0.044,-0.82,0.17,-0.6
"SCOTT.GOMEZ","F","20112012","MTL",38,437.4,11.1,-0.106,-0.12,-0.06,4.96,-0.018,-0.88,-0.13,-1
"SCOTT.HANNAN","D","20112012","CGY",78,1345.3,32.8,0,0.012,-0.1,4.96,-0.034,0.27,-0.77,-0.5
"SCOTT.HARTNELL","F","20112012","PHI",82,1163.6,30,0.363,0.349,0.26,4.95,0.062,6.76,1.21,8
"SCOTTIE.UPSHALL","F","20112012","FLA",26,283.8,6.9,-0.277,-0.291,-0.29,4.96,-0.089,-1.38,-0.42,-1.8
"SCOTT.NICHOL","F","20112012","STL",79,589.7,14.8,-0.489,-0.503,-0.1,4.95,-0.019,-4.94,-0.19,-5.1
"SCOTT.PARSE","F","20112012","L.A",9,96.5,2.4,-0.236,-0.25,-0.25,4.96,-0.079,-0.4,-0.13,-0.5
"SEAN.AVERY","F","20112012","NYR",15,104.7,2.6,0.023,0.009,0.02,4.96,0.008,0.02,0.01,0
"SEAN.BERGENHEIM","F","20112012","FLA",62,826.4,20.1,-0.028,-0.042,-0.29,4.96,-0.092,-0.57,-1.26,-1.8
"SEAN.COUTURIER","F","20112012","PHI",77,835.9,21.5,-0.121,-0.134,0.26,4.95,0.089,-1.87,1.24,-0.6
"SEAN.O'DONNELL","D","20112012","CHI",51,613.8,15,-0.253,-0.242,0.16,4.97,0.058,-2.47,0.59,-1.9
"SERGEI.GONCHAR","D","20112012","OTT",73,1239.3,31.4,-0.233,-0.221,0.08,4.96,0.04,-4.57,0.83,-3.7
"SERGEI.KOSTITSYN","F","20112012","NSH",75,1047.3,25.4,-0.051,-0.065,0.05,4.97,0.018,-1.13,0.32,-0.8
"SHANE.DOAN","F","20112012","ARI",76,1155.1,29.1,-0.077,-0.091,0.06,4.96,0.024,-1.76,0.46,-1.3
"SHANE.O'BRIEN","D","20112012","COL",76,1273.6,31.2,0.149,0.161,-0.07,4.96,-0.032,3.41,-0.67,2.7
"SHAWN.HORCOFF","F","20112012","EDM",81,1112.5,27.8,-0.239,-0.253,-0.08,4.97,-0.01,-4.69,-0.18,-4.9
"SHAWN.MATTHIAS","F","20112012","FLA",79,945.3,23,-0.119,-0.133,-0.29,4.96,-0.087,-2.09,-1.37,-3.5
"SHAWN.THORNTON","F","20112012","BOS",81,735,18,-0.677,-0.691,0.36,4.97,0.139,-8.46,1.71,-6.8
"SHEA.WEBER","D","20112012","NSH",78,1544.6,37.5,0.054,0.066,0.05,4.97,0.01,1.7,0.25,2
"SHELDON.BROOKBANK","D","20112012","ANA",80,1086.4,27.2,-0.1,-0.089,-0.06,4.97,-0.016,-1.61,-0.29,-1.9
"SHELDON.SOURAY","D","20112012","DAL",64,1013.8,25.2,0.215,0.227,-0.01,4.96,-0.016,3.83,-0.27,3.6
"SIDNEY.CROSBY","F","20112012","PIT",22,310.6,7.7,1.986,1.972,0.36,4.96,0.086,10.21,0.44,10.7
"SIMON.DESPRES","D","20112012","PIT",18,224.1,5.6,-0.183,-0.171,0.36,4.96,0.118,-0.64,0.44,-0.2
"SIMON.GAGNE","F","20112012","L.A",34,458.6,11.5,0.228,0.215,-0.25,4.96,-0.085,1.64,-0.65,1
"SLAVA.VOYNOV","D","20112012","L.A",54,857.7,21.6,0.435,0.447,-0.25,4.96,-0.1,6.39,-1.42,5
"SPENCER.MACHACEK","F","20112012","WPG",13,96.8,2.4,2.302,2.288,0.06,4.97,0.008,3.69,0.01,3.7
"STEFAN.ELLIOTT","D","20112012","COL",39,560.5,13.7,0.273,0.285,-0.07,4.96,-0.029,2.66,-0.28,2.4
"STEPHANE.DA COSTA","F","20112012","OTT",22,229.5,5.8,-0.19,-0.204,0.08,4.96,0.028,-0.78,0.11,-0.7
"STEPHANE.ROBIDAS","D","20112012","DAL",75,1260.7,31.4,-0.106,-0.094,-0.01,4.96,0.001,-1.98,0.03,-2
"STEPHANE.VEILLEUX","F","20112012","MIN",20,178.1,4.4,0.147,0.133,-0.39,4.95,-0.127,0.4,-0.38,0
"STEPHEN.WEISS","F","20112012","FLA",80,1249.5,30.3,0.265,0.251,-0.29,4.96,-0.109,5.23,-2.26,3
"STEVE.BERNIER","F","20112012","N.J",32,360.9,8.8,0.113,0.099,-0.1,4.97,-0.034,0.6,-0.21,0.4
"STEVE.DOWNIE","F","20112012","COL",20,302.1,7.4,0.457,0.443,-0.07,4.96,-0.028,2.23,-0.14,2.1
"STEVE.DOWNIE","F","20112012","T.B",55,725.9,18,0.342,0.328,0.21,4.97,0.056,3.97,0.68,4.6
"STEVE.EMINGER","D","20112012","NYR",42,501,12.4,-0.118,-0.107,0.02,4.96,0.011,-0.89,0.09,-0.8
"STEVE.MONTADOR","D","20112012","CHI",52,681.6,16.7,-0.019,-0.007,0.16,4.97,0.05,-0.08,0.57,0.5
"STEVEN.KAMPFER","D","20112012","BOS",10,103.9,2.5,1.629,1.641,0.36,4.97,0.106,2.84,0.18,3
"STEVEN.KAMPFER","D","20112012","MIN",13,200.8,5,0.091,0.103,-0.39,4.95,-0.127,0.34,-0.43,-0.1
"STEVEN.STAMKOS","F","20112012","T.B",82,1409.8,34.9,0.461,0.447,0.21,4.97,0.037,10.5,0.87,11.4
"STEVEN.ZALEWSKI","F","20112012","N.J",7,72.1,1.8,-1.031,-1.044,-0.1,4.97,-0.029,-1.26,-0.03,-1.3
"STEVE.OTT","F","20112012","DAL",74,1048.2,26.1,0.047,0.033,-0.01,4.96,-0.006,0.58,-0.11,0.5
"STEVE.STAIOS","D","20112012","NYI",65,992.7,23.9,-0.069,-0.058,-0.22,4.97,-0.07,-0.96,-1.15,-2.1
"STEVE.SULLIVAN","F","20112012","PIT",79,902.9,22.5,0.048,0.034,0.36,4.96,0.115,0.51,1.73,2.2
"STU.BICKEL","D","20112012","NYR",51,515.6,12.8,0.022,0.033,0.02,4.96,0.007,0.29,0.06,0.3
"TANNER.GLASS","F","20112012","WPG",78,883.9,21.9,-0.256,-0.27,0.06,4.97,0.031,-3.98,0.46,-3.5
"TAYLOR.HALL","F","20112012","EDM",61,897,22.5,0.26,0.246,-0.08,4.97,-0.035,3.67,-0.53,3.1
"TAYLOR.PYATT","F","20112012","ARI",70,812.8,20.5,-0.199,-0.213,0.06,4.96,0.027,-2.88,0.37,-2.5
"TEDDY.PURCELL","F","20112012","T.B",81,1079,26.7,0.525,0.511,0.21,4.97,0.041,9.19,0.73,9.9
"TEEMU.HARTIKAINEN","F","20112012","EDM",17,219.4,5.5,0.07,0.056,-0.08,4.97,-0.025,0.21,-0.09,0.1
"TEEMU.LAAKSO","D","20112012","NSH",9,97.7,2.4,-0.36,-0.349,0.05,4.97,0.016,-0.57,0.03,-0.5
"TEEMU.SELANNE","F","20112012","ANA",82,1136.8,28.4,0.19,0.177,-0.06,4.97,-0.031,3.35,-0.58,2.8
"THEO.PECKHAM","D","20112012","EDM",54,757.5,19,0.212,0.224,-0.08,4.97,-0.033,2.83,-0.41,2.4
"THOMAS.VANEK","F","20112012","BUF",78,1041.6,25.3,0.294,0.28,-0.02,4.96,-0.02,4.86,-0.35,4.5
"TIM.BRENT","F","20112012","CAR",79,681.4,16.9,0.059,0.046,-0.12,4.96,-0.039,0.52,-0.45,0.1
"TIM.CONNOLLY","F","20112012","TOR",70,917.4,22.4,-0.083,-0.097,0.07,4.97,0.026,-1.49,0.4,-1.1
"TIM.ERIXON","D","20112012","NYR",18,215.8,5.3,-0.06,-0.049,0.02,4.96,0.009,-0.17,0.03,-0.1
"TIM.GLEASON","D","20112012","CAR",82,1435.8,35.5,0.088,0.099,-0.12,4.96,-0.045,2.38,-1.07,1.3
"TIM.JACKMAN","F","20112012","CGY",75,653.5,16,-0.661,-0.675,-0.1,4.96,-0.012,-7.35,-0.13,-7.5
"TIM.KENNEDY","F","20112012","FLA",27,283.2,6.9,-0.796,-0.81,-0.29,4.96,-0.082,-3.82,-0.39,-4.2
"TIM.SESTITO","F","20112012","N.J",18,144.2,3.5,-0.498,-0.512,-0.1,4.97,-0.029,-1.23,-0.07,-1.3
"TIM.STAPLETON","F","20112012","WPG",63,524.6,13,0.155,0.141,0.06,4.97,0.015,1.24,0.13,1.4
"TIM.WALLACE","F","20112012","NYI",31,261.6,6.3,-0.532,-0.546,-0.22,4.97,-0.066,-2.38,-0.29,-2.7
"TIM.WALLACE","F","20112012","T.B",18,145.8,3.6,0.933,0.919,0.21,4.97,0.062,2.23,0.15,2.4
"TJ.BRENNAN","D","20112012","BUF",11,142.6,3.5,-0.107,-0.095,-0.02,4.96,-0.005,-0.23,-0.01,-0.2
"TJ.BRODIE","D","20112012","CGY",54,788.1,19.2,0.323,0.335,-0.1,4.96,-0.047,4.4,-0.61,3.8
"T.J..GALIARDI","F","20112012","COL",55,631,15.4,-0.171,-0.185,-0.07,4.96,-0.016,-1.94,-0.17,-2.1
"T.J..GALIARDI","F","20112012","S.J",14,153.4,3.7,-0.856,-0.87,-0.07,4.96,-0.016,-2.22,-0.04,-2.3
"T.J..OSHIE","F","20112012","STL",79,1176.5,29.5,0.07,0.056,-0.1,4.95,-0.037,1.09,-0.73,0.4
"TOBIAS.ENSTROM","D","20112012","WPG",62,1166.8,29,0.309,0.32,0.06,4.97,0,6.23,0.01,6.2
"TOBY.PETERSEN","F","20112012","DAL",39,266.1,6.6,-0.473,-0.487,-0.01,4.96,0.002,-2.16,0.01,-2.2
"TODD.BERTUZZI","F","20112012","DET",71,973.1,24.2,0.131,0.117,0.27,4.96,0.082,1.9,1.32,3.2
"TOMAS.FLEISCHMANN","F","20112012","FLA",82,1269.5,30.8,0.205,0.192,-0.29,4.96,-0.105,4.05,-2.22,1.8
"TOMAS.HOLMSTROM","F","20112012","DET",74,637.5,15.9,-0.703,-0.716,0.27,4.96,0.11,-7.61,1.17,-6.4
"TOMAS.KABERLE","D","20112012","CAR",29,423.4,10.5,-0.244,-0.232,-0.12,4.96,-0.033,-1.64,-0.23,-1.9
"TOMAS.KABERLE","D","20112012","MTL",43,543.4,13.8,0.322,0.334,-0.06,4.96,-0.03,3.03,-0.27,2.8
"TOMAS.KOPECKY","F","20112012","FLA",80,1027.7,25,0.159,0.146,-0.29,4.96,-0.101,2.49,-1.72,0.8
"TOMAS.KUBALIK","F","20112012","CBJ",8,92.7,2.3,0.011,-0.003,-0.14,4.96,-0.046,0,-0.07,-0.1
"TOMAS.PLEKANEC","F","20112012","MTL",81,1133.4,28.8,-0.214,-0.228,-0.06,4.96,-0.007,-4.3,-0.14,-4.4
"TOMAS.VINCOUR","F","20112012","DAL",47,465.1,11.6,-0.368,-0.382,-0.01,4.96,0.004,-2.96,0.03,-2.9
"TOM.GILBERT","D","20112012","EDM",47,806.7,20.2,-0.067,-0.055,-0.08,4.97,-0.022,-0.75,-0.29,-1
"TOM.GILBERT","D","20112012","MIN",19,384.1,9.6,-0.146,-0.134,-0.39,4.95,-0.123,-0.86,-0.79,-1.6
"TOM.KOSTOPOULOS","F","20112012","CGY",81,868.3,21.2,-0.224,-0.238,-0.1,4.96,-0.023,-3.44,-0.34,-3.8
"TOMMY.WINGELS","F","20112012","S.J",33,423,10.2,-0.267,-0.281,-0.07,4.96,-0.017,-1.98,-0.12,-2.1
"TOM.PYATT","F","20112012","T.B",74,890.1,22,-0.517,-0.531,0.21,4.97,0.092,-7.87,1.36,-6.5
"TOM.SESTITO","F","20112012","PHI",14,95.8,2.5,-1.232,-1.246,0.26,4.95,0.09,-1.99,0.14,-1.8
"TOM.WANDELL","F","20112012","DAL",72,648.5,16.1,-0.356,-0.37,-0.01,4.96,0.008,-4,0.08,-3.9
"TONI.LYDMAN","D","20112012","ANA",74,1143,28.6,0.038,0.05,-0.06,4.97,-0.023,0.95,-0.45,0.5
"TORREY.MITCHELL","F","20112012","S.J",76,876.8,21.2,-0.006,-0.02,-0.07,4.96,-0.022,-0.29,-0.32,-0.6
"TRAVIS.HAMONIC","D","20112012","NYI",73,1366,32.9,0.169,0.18,-0.22,4.97,-0.084,4.1,-1.92,2.2
"TRAVIS.MOEN","F","20112012","MTL",48,628.2,15.9,-0.101,-0.114,-0.06,4.96,-0.017,-1.2,-0.18,-1.4
"TRAVIS.ZAJAC","F","20112012","N.J",15,218.6,5.4,-0.275,-0.289,-0.1,4.97,-0.029,-1.05,-0.11,-1.2
"TRENT.HUNTER","F","20112012","L.A",38,347,8.7,-0.099,-0.113,-0.25,4.96,-0.078,-0.65,-0.45,-1.1
"TREVOR.DALEY","D","20112012","DAL",79,1315.6,32.7,0.047,0.059,-0.01,4.96,-0.008,1.29,-0.18,1.1
"TREVOR.LEWIS","F","20112012","L.A",72,807.4,20.3,-0.279,-0.293,-0.25,4.96,-0.068,-3.94,-0.92,-4.9
"TREVOR.SMITH","F","20112012","T.B",16,174.4,4.3,0.387,0.373,0.21,4.97,0.065,1.09,0.19,1.3
"TROY.BROUWER","F","20112012","WSH",82,1084.3,26.6,-0.089,-0.103,0.02,4.97,0.011,-1.86,0.2,-1.7
"TUOMO.RUUTU","F","20112012","CAR",72,979.9,24.2,0.5,0.486,-0.12,4.96,-0.061,7.94,-1,6.9
"TYLER.BOZAK","F","20112012","TOR",73,1102.3,26.9,0.153,0.139,0.07,4.97,0.014,2.56,0.26,2.8
"TYLER.ENNIS","F","20112012","BUF",48,671.6,16.3,0.456,0.442,-0.02,4.96,-0.021,4.95,-0.23,4.7
"TYLER.KENNEDY","F","20112012","PIT",60,772.2,19.2,-0.084,-0.098,0.36,4.96,0.12,-1.26,1.55,0.3
"TYLER.MYERS","D","20112012","BUF",55,973.1,23.7,0.099,0.111,-0.02,4.96,-0.011,1.8,-0.18,1.6
"TYLER.SEGUIN","F","20112012","BOS",81,1156.8,28.3,0.477,0.463,0.36,4.97,0.088,8.93,1.7,10.6
"TYSON.BARRIE","D","20112012","COL",10,163.1,4,-0.287,-0.275,-0.07,4.96,-0.019,-0.75,-0.05,-0.8
"TYSON.STRACHAN","D","20112012","FLA",15,209.9,5.1,-0.06,-0.049,-0.29,4.96,-0.093,-0.17,-0.32,-0.5
"VALTTERI.FILPPULA","F","20112012","DET",81,1187.1,29.6,0.316,0.302,0.27,4.96,0.069,5.98,1.37,7.4
"VERNON.FIDDLER","F","20112012","DAL",82,951.1,23.7,-0.255,-0.268,-0.01,4.96,0.008,-4.25,0.13,-4.1
"VICTOR.HEDMAN","D","20112012","T.B",61,1137.3,28.2,-0.028,-0.017,0.21,4.97,0.069,-0.32,1.31,1
"VIKTOR.STALBERG","F","20112012","CHI",79,1058.9,25.9,0.221,0.207,0.16,4.97,0.039,3.65,0.7,4.3
"VILLE.LEINO","F","20112012","BUF",71,1039.3,25.3,-0.056,-0.07,-0.02,4.96,-0.003,-1.22,-0.04,-1.3
"VINCENT.LECAVALIER","F","20112012","T.B",64,954.3,23.6,0.234,0.22,0.21,4.97,0.058,3.51,0.92,4.4
"VINNY.PROSPAL","F","20112012","CBJ",82,1158.6,29.4,0.366,0.352,-0.14,4.96,-0.067,6.8,-1.3,5.5
"VLADIMIR.SOBOTKA","F","20112012","STL",72,940.5,23.6,-0.114,-0.128,-0.1,4.95,-0.028,-2,-0.44,-2.4
"WARREN.PETERS","F","20112012","MIN",57,515.5,12.9,-0.371,-0.385,-0.39,4.95,-0.116,-3.3,-1,-4.3
"WAYNE.SIMMONDS","F","20112012","PHI",82,1018.6,26.2,-0.142,-0.156,0.26,4.95,0.092,-2.65,1.56,-1.1
"WILLIE.MITCHELL","D","20112012","L.A",76,1347.3,33.9,0.03,0.042,-0.25,4.96,-0.083,0.94,-1.86,-0.9
"WOJTEK.WOLSKI","F","20112012","FLA",22,288.1,7,0.131,0.117,-0.29,4.96,-0.095,0.56,-0.46,0.1
"WOJTEK.WOLSKI","F","20112012","NYR",9,90.3,2.2,-0.193,-0.207,0.02,4.96,0.009,-0.31,0.01,-0.3
"YANNICK.WEBER","D","20112012","MTL",60,706.5,17.9,-0.117,-0.105,-0.06,4.96,-0.017,-1.24,-0.2,-1.4
"ZAC.DALPE","F","20112012","CAR",16,137.2,3.4,-0.026,-0.04,-0.12,4.96,-0.037,-0.09,-0.09,-0.2
"ZACH.BOGOSIAN","D","20112012","WPG",65,1136.9,28.2,-0.088,-0.076,0.06,4.97,0.023,-1.44,0.44,-1
"ZACH.BOYCHUK","F","20112012","CAR",16,128.8,3.2,-0.413,-0.426,-0.12,4.96,-0.035,-0.92,-0.08,-1
"ZACH.HAMILL","F","20112012","BOS",16,162.2,4,-0.226,-0.239,0.36,4.97,0.116,-0.65,0.31,-0.3
"ZACH.PARISE","F","20112012","N.J",82,1285.3,31.5,0.038,0.024,-0.1,4.97,-0.034,0.52,-0.73,-0.2
"ZACK.KASSIAN","F","20112012","BUF",27,296.5,7.2,-0.067,-0.081,-0.02,4.96,-0.005,-0.4,-0.02,-0.4
"ZACK.KASSIAN","F","20112012","VAN",17,174.6,4.3,-0.326,-0.34,0.13,4.95,0.045,-0.99,0.13,-0.9
"ZACK.SMITH","F","20112012","OTT",80,926.9,23.5,-0.007,-0.021,0.08,4.96,0.027,-0.33,0.42,0.1
"ZAC.RINALDO","F","20112012","PHI",66,488.1,12.6,-0.141,-0.155,0.26,4.95,0.087,-1.26,0.71,-0.6
"ZBYNEK.MICHALEK","D","20112012","PIT",62,1090.5,27.2,-0.314,-0.303,0.36,4.96,0.133,-5.5,2.42,-3.1
"ZDENO.CHARA","D","20112012","BOS",79,1512.1,36.9,0.138,0.149,0.36,4.97,0.103,3.77,2.6,6.4
"ZENON.KONOPKA","F","20112012","OTT",54,367.8,9.3,-0.655,-0.669,0.08,4.96,0.039,-4.1,0.24,-3.9
