year,teams,odds_highest_seed,odds_lowest_seed
2006,Carolina Hurricanes - Edmonton Oilers ,2.15,2.47
2006,Edmonton Oilers - Carolina Hurricanes ,2.25,2.34
2006,Carolina Hurricanes - Edmonton Oilers ,1.76,3.23
2006,Edmonton Oilers - Carolina Hurricanes ,2.25,2.34
2006,Edmonton Oilers - Carolina Hurricanes ,2.25,2.37
2006,Carolina Hurricanes - Edmonton Oilers ,2.01,2.77
2006,Carolina Hurricanes - Buffalo Sabres ,2,2.7
2006,Buffalo Sabres - Carolina Hurricanes ,2.08,2.58
2006,Carolina Hurricanes - Buffalo Sabres ,1.88,3
2006,Anaheim Ducks - Edmonton Oilers ,2.03,2.77
2006,Buffalo Sabres - Carolina Hurricanes ,2.06,2.73
2006,Edmonton Oilers - Anaheim Ducks ,1.84,3
2006,Buffalo Sabres - Carolina Hurricanes ,2.04,2.73
2006,Edmonton Oilers - Anaheim Ducks ,2,2.8
2006,Carolina Hurricanes - Buffalo Sabres ,2,2.8
2006,Anaheim Ducks - Edmonton Oilers ,1.95,2.88
2006,Carolina Hurricanes - Buffalo Sabres ,2.01,2.72
2006,Anaheim Ducks - Edmonton Oilers ,1.93,2.88
2006,Edmonton Oilers - San Jose Sharks ,1.99,2.82
2006,Carolina Hurricanes - New Jersey Devils ,2.2,2.43
2006,San Jose Sharks - Edmonton Oilers ,1.88,3.03
2006,Ottawa Senators - Buffalo Sabres ,1.79,3.23
2006,New Jersey Devils - Carolina Hurricanes ,1.93,2.87
2006,Edmonton Oilers - San Jose Sharks ,2.06,2.63
2006,Colorado Avalanche - Anaheim Ducks ,2.26,2.4
2006,Edmonton Oilers - San Jose Sharks ,2.08,2.62
2006,New Jersey Devils - Carolina Hurricanes ,1.72,3.4
2006,Colorado Avalanche - Anaheim Ducks ,2.15,2.6
2006,Carolina Hurricanes - New Jersey Devils ,2.31,2.4
2006,Ottawa Senators - Buffalo Sabres ,1.72,3.43
2006,San Jose Sharks - Edmonton Oilers ,1.84,3.15
2006,San Jose Sharks - Edmonton Oilers ,1.82,3.2
2006,Anaheim Ducks - Colorado Avalanche ,2.01,2.72
2006,Carolina Hurricanes - New Jersey Devils ,2.31,2.33
2006,Anaheim Ducks - Colorado Avalanche ,2.15,2.53
2006,Ottawa Senators - Buffalo Sabres ,1.77,3.33
2006,Calgary Flames - Anaheim Ducks ,1.9,2.83
2006,Montreal Canadiens - Carolina Hurricanes ,2.38,2.26
2006,Philadelphia Flyers - Buffalo Sabres ,2.18,2.5
2006,Anaheim Ducks - Calgary Flames ,2.11,2.55
2006,Edmonton Oilers - Detroit Red Wings ,2.92,1.92
2006,Carolina Hurricanes - Montreal Canadiens ,1.79,3.22
2006,Nashville Predators - San Jose Sharks ,2.56,2.13
2006,Buffalo Sabres - Philadelphia Flyers ,1.93,2.88
2006,Dallas Stars - Colorado Avalanche ,1.92,2.9
2006,Calgary Flames - Anaheim Ducks ,1.92,2.92
2006,Ottawa Senators - Tampa Bay Lightning ,1.5,4.63
2006,Detroit Red Wings - Edmonton Oilers ,1.57,4.11
2006,New York Rangers - New Jersey Devils ,3.45,1.74
2006,Montreal Canadiens - Carolina Hurricanes ,2.33,2.27
2006,Colorado Avalanche - Dallas Stars ,1.98,2.75
2006,Philadelphia Flyers - Buffalo Sabres ,2.08,2.65
2006,Anaheim Ducks - Calgary Flames ,2.11,2.58
2006,Edmonton Oilers - Detroit Red Wings ,2.98,1.87
2006,San Jose Sharks - Nashville Predators ,1.65,3.73
2006,Tampa Bay Lightning - Ottawa Senators ,2.92,1.92
2006,Montreal Canadiens - Carolina Hurricanes ,2.26,2.32
2006,Philadelphia Flyers - Buffalo Sabres ,2.03,2.65
2006,Anaheim Ducks - Calgary Flames ,2.09,2.52
2006,Edmonton Oilers - Detroit Red Wings ,2.78,1.95
2006,San Jose Sharks - Nashville Predators ,1.71,3.42
2006,Tampa Bay Lightning - Ottawa Senators ,2.73,1.98
2006,Buffalo Sabres - Philadelphia Flyers ,1.98,2.73
2006,Carolina Hurricanes - Montreal Canadiens ,1.79,3.15
2006,Dallas Stars - Colorado Avalanche ,1.81,3.1
2006,New Jersey Devils - New York Rangers ,1.61,3.8
2006,Calgary Flames - Anaheim Ducks ,1.84,3.02
2006,Ottawa Senators - Tampa Bay Lightning ,1.55,4.17
2006,Detroit Red Wings - Edmonton Oilers ,1.58,3.9
2006,Nashville Predators - San Jose Sharks ,2.35,2.22
2006,Buffalo Sabres - Philadelphia Flyers ,1.98,2.73
2006,Carolina Hurricanes - Montreal Canadiens ,1.76,3.2
2006,Dallas Stars - Colorado Avalanche ,1.9,2.83
2006,New Jersey Devils - New York Rangers ,1.79,3.13
2006,Calgary Flames - Anaheim Ducks ,1.92,2.77
2006,Detroit Red Wings - Edmonton Oilers ,1.55,4.12
2006,Nashville Predators - San Jose Sharks ,2.25,2.33
2006,Ottawa Senators - Tampa Bay Lightning ,1.61,3.75
2007,Anaheim Ducks - Ottawa Senators ,1.86,3.14
2007,Ottawa Senators - Anaheim Ducks ,1.77,3.36
2007,Ottawa Senators - Anaheim Ducks ,1.9,2.99
2007,Anaheim Ducks - Ottawa Senators ,2.13,2.56
2007,Anaheim Ducks - Ottawa Senators ,2.13,2.56
2007,Anaheim Ducks - Detroit Red Wings ,2.1,2.75
2007,Detroit Red Wings - Anaheim Ducks ,2,2.77
2007,Buffalo Sabres - Ottawa Senators ,2.1,2.6
2007,Anaheim Ducks - Detroit Red Wings ,2.01,2.78
2007,Ottawa Senators - Buffalo Sabres ,1.82,3.13
2007,Anaheim Ducks - Detroit Red Wings ,1.88,3.05
2007,Ottawa Senators - Buffalo Sabres ,2,2.82
2007,Detroit Red Wings - Anaheim Ducks ,2.04,2.73
2007,Buffalo Sabres - Ottawa Senators ,2.02,2.73
2007,Detroit Red Wings - Anaheim Ducks ,1.92,2.9
2007,Buffalo Sabres - Ottawa Senators ,2.05,2.67
2007,San Jose Sharks - Detroit Red Wings ,2.06,2.72
2007,New York Rangers - Buffalo Sabres ,2.31,2.39
2007,New Jersey Devils - Ottawa Senators ,2.34,2.35
2007,Detroit Red Wings - San Jose Sharks ,1.98,2.8
2007,Buffalo Sabres - New York Rangers ,1.7,3.48
2007,Anaheim Ducks - Vancouver Canucks ,1.57,4.12
2007,Ottawa Senators - New Jersey Devils ,1.77,3.25
2007,San Jose Sharks - Detroit Red Wings ,1.97,2.88
2007,New York Rangers - Buffalo Sabres ,2.25,2.38
2007,Vancouver Canucks - Anaheim Ducks ,2.67,2.07
2007,Ottawa Senators - New Jersey Devils ,1.79,3.18
2007,San Jose Sharks - Detroit Red Wings ,2.06,2.73
2007,Vancouver Canucks - Anaheim Ducks ,2.57,2.1
2007,New York Rangers - Buffalo Sabres ,2.18,2.48
2007,New Jersey Devils - Ottawa Senators ,2.25,2.38
2007,Detroit Red Wings - San Jose Sharks ,1.95,2.78
2007,Anaheim Ducks - Vancouver Canucks ,1.66,3.75
2007,Buffalo Sabres - New York Rangers ,1.71,3.45
2007,Detroit Red Wings - San Jose Sharks ,1.94,2.94
2007,New Jersey Devils - Ottawa Senators ,2.28,2.41
2007,Anaheim Ducks - Vancouver Canucks ,1.69,3.67
2007,Buffalo Sabres - New York Rangers ,1.79,3.2
2007,Vancouver Canucks - Dallas Stars ,2.25,2.53
2007,Calgary Flames - Detroit Red Wings ,2.6,2.07
2007,Tampa Bay Lightning - New Jersey Devils ,2.25,2.43
2007,Dallas Stars - Vancouver Canucks ,2.1,2.63
2007,Detroit Red Wings - Calgary Flames ,1.57,4.2
2007,Buffalo Sabres - New York Islanders ,1.42,5.15
2007,Nashville Predators - San Jose Sharks ,2.16,2.52
2007,New Jersey Devils - Tampa Bay Lightning ,1.82,3.2
2007,Anaheim Ducks - Minnesota Wild ,1.81,3.2
2007,Calgary Flames - Detroit Red Wings ,2.58,2.15
2007,Ottawa Senators - Pittsburgh Penguins ,1.65,3.68
2007,Vancouver Canucks - Dallas Stars ,2.09,2.68
2007,New York Islanders - Buffalo Sabres ,3.35,1.77
2007,San Jose Sharks - Nashville Predators ,2.01,2.77
2007,Tampa Bay Lightning - New Jersey Devils ,2.45,2.26
2007,Calgary Flames - Detroit Red Wings ,2.73,2.05
2007,Dallas Stars - Vancouver Canucks ,1.91,2.9
2007,Minnesota Wild - Anaheim Ducks ,2.38,2.31
2007,New York Rangers - Winnipeg Jets ,2,2.9
2007,Pittsburgh Penguins - Ottawa Senators ,2.51,2.19
2007,New York Islanders - Buffalo Sabres ,3.3,1.8
2007,San Jose Sharks - Nashville Predators ,1.98,2.82
2007,Tampa Bay Lightning - New Jersey Devils ,2.37,2.33
2007,Dallas Stars - Vancouver Canucks ,2.02,2.78
2007,Minnesota Wild - Anaheim Ducks ,2.16,2.6
2007,Pittsburgh Penguins - Ottawa Senators ,2.4,2.3
2007,Detroit Red Wings - Calgary Flames ,1.62,3.93
2007,Buffalo Sabres - New York Islanders ,1.51,4.58
2007,New Jersey Devils - Tampa Bay Lightning ,1.75,3.33
2007,Ottawa Senators - Pittsburgh Penguins ,1.71,3.35
2007,Winnipeg Jets - New York Rangers ,2.11,2.59
2007,Anaheim Ducks - Minnesota Wild ,1.93,2.95
2007,Nashville Predators - San Jose Sharks ,2.07,2.58
2007,Vancouver Canucks - Dallas Stars ,2.15,2.55
2007,Buffalo Sabres - New York Islanders ,1.56,4.17
2007,Detroit Red Wings - Calgary Flames ,1.71,3.45
2007,New Jersey Devils - Tampa Bay Lightning ,1.89,3.01
2007,Winnipeg Jets - New York Rangers ,2.11,2.6
2007,Anaheim Ducks - Minnesota Wild ,1.95,2.92
2007,Nashville Predators - San Jose Sharks ,2.12,2.56
2007,Ottawa Senators - Pittsburgh Penguins ,1.88,3.01
2007,Vancouver Canucks - Dallas Stars ,2.12,2.57
2008,Pittsburgh Penguins - Detroit Red Wings ,2.55,2.23
2008,Detroit Red Wings - Pittsburgh Penguins ,1.67,4.02
2008,Pittsburgh Penguins - Detroit Red Wings ,2.35,2.43
2008,Pittsburgh Penguins - Detroit Red Wings ,2.35,2.41
2008,Detroit Red Wings - Pittsburgh Penguins ,1.87,3.28
2008,Detroit Red Wings - Pittsburgh Penguins ,1.9,3.15
2008,Dallas Stars - Detroit Red Wings ,2.68,2.15
2008,Pittsburgh Penguins - Philadelphia Flyers ,1.64,4.03
2008,Detroit Red Wings - Dallas Stars ,1.59,4.33
2008,Philadelphia Flyers - Pittsburgh Penguins ,3.25,1.87
2008,Dallas Stars - Detroit Red Wings ,3.08,1.94
2008,Philadelphia Flyers - Pittsburgh Penguins ,2.53,2.3
2008,Dallas Stars - Detroit Red Wings ,2.58,2.23
2008,Pittsburgh Penguins - Philadelphia Flyers ,1.71,3.87
2008,Detroit Red Wings - Dallas Stars ,1.7,3.83
2008,Pittsburgh Penguins - Philadelphia Flyers ,1.79,3.57
2008,Detroit Red Wings - Dallas Stars ,1.77,3.63
2008,Dallas Stars - San Jose Sharks ,2.15,2.78
2008,Pittsburgh Penguins - New York Rangers ,1.92,3.22
2008,Montreal Canadiens - Philadelphia Flyers ,2.02,2.97
2008,San Jose Sharks - Dallas Stars ,2.06,2.9
2008,Colorado Avalanche - Detroit Red Wings ,2.78,2.12
2008,New York Rangers - Pittsburgh Penguins ,2.48,2.31
2008,Dallas Stars - San Jose Sharks ,2,3.03
2008,Philadelphia Flyers - Montreal Canadiens ,2.2,2.67
2008,Colorado Avalanche - Detroit Red Wings ,2.53,2.3
2008,Dallas Stars - San Jose Sharks ,2.07,2.82
2008,New York Rangers - Pittsburgh Penguins ,2.11,2.75
2008,Philadelphia Flyers - Montreal Canadiens ,2.4,2.47
2008,San Jose Sharks - Dallas Stars ,1.97,3.1
2008,Pittsburgh Penguins - New York Rangers ,2.03,2.93
2008,Montreal Canadiens - Philadelphia Flyers ,1.88,3.28
2008,Detroit Red Wings - Colorado Avalanche ,1.77,3.7
2008,San Jose Sharks - Dallas Stars ,1.98,3.03
2008,Pittsburgh Penguins - New York Rangers ,2.06,2.85
2008,Detroit Red Wings - Colorado Avalanche ,1.76,3.63
2008,Montreal Canadiens - Philadelphia Flyers ,1.9,3.18
2008,San Jose Sharks - Calgary Flames ,1.82,3.55
2008,Washington Capitals - Philadelphia Flyers ,2,2.9
2008,Montreal Canadiens - Boston Bruins ,1.82,3.47
2008,Philadelphia Flyers - Washington Capitals ,1.98,3.02
2008,Dallas Stars - Anaheim Ducks ,2.17,2.78
2008,Calgary Flames - San Jose Sharks ,2.58,2.25
2008,Nashville Predators - Detroit Red Wings ,2.95,2.03
2008,Colorado Avalanche - Minnesota Wild ,1.93,3.15
2008,Boston Bruins - Montreal Canadiens ,2.58,2.27
2008,Washington Capitals - Philadelphia Flyers ,2.15,2.67
2008,Anaheim Ducks - Dallas Stars ,2.01,2.98
2008,Detroit Red Wings - Nashville Predators ,1.55,4.66
2008,New Jersey Devils - New York Rangers ,2.37,2.46
2008,San Jose Sharks - Calgary Flames ,1.79,3.58
2008,Minnesota Wild - Colorado Avalanche ,2.25,2.61
2008,Dallas Stars - Anaheim Ducks ,2.25,2.6
2008,Montreal Canadiens - Boston Bruins ,1.66,3.98
2008,Philadelphia Flyers - Washington Capitals ,2.07,2.82
2008,Nashville Predators - Detroit Red Wings ,2.92,2.02
2008,New York Rangers - New Jersey Devils ,2.01,2.97
2008,Ottawa Senators - Pittsburgh Penguins ,2.95,1.98
2008,Calgary Flames - San Jose Sharks ,2.67,2.2
2008,Colorado Avalanche - Minnesota Wild ,2.02,3
2008,Dallas Stars - Anaheim Ducks ,2.16,2.72
2008,Boston Bruins - Montreal Canadiens ,2.57,2.27
2008,Philadelphia Flyers - Washington Capitals ,2.18,2.65
2008,Colorado Avalanche - Minnesota Wild ,2.03,2.93
2008,Nashville Predators - Detroit Red Wings ,2.83,2.06
2008,Ottawa Senators - Pittsburgh Penguins ,2.65,2.2
2008,Calgary Flames - San Jose Sharks ,2.49,2.31
2008,Boston Bruins - Montreal Canadiens ,2.55,2.26
2008,New York Rangers - New Jersey Devils ,1.95,3.1
2008,Washington Capitals - Philadelphia Flyers ,1.98,3.05
2008,Anaheim Ducks - Dallas Stars ,1.9,3.23
2008,Montreal Canadiens - Boston Bruins ,1.76,3.55
2008,Detroit Red Wings - Nashville Predators ,1.55,4.78
2008,Minnesota Wild - Colorado Avalanche ,2.15,2.72
2008,New Jersey Devils - New York Rangers ,2.26,2.6
2008,Pittsburgh Penguins - Ottawa Senators ,1.73,3.73
2008,Washington Capitals - Philadelphia Flyers ,2.1,2.87
2008,Anaheim Ducks - Dallas Stars ,1.92,3.15
2008,San Jose Sharks - Calgary Flames ,1.75,3.75
2008,Detroit Red Wings - Nashville Predators ,1.62,4.28
2008,Montreal Canadiens - Boston Bruins ,1.78,3.53
2008,San Jose Sharks - Calgary Flames ,1.78,3.53
2008,Minnesota Wild - Colorado Avalanche ,2.17,2.68
2008,New Jersey Devils - New York Rangers ,2.22,2.7
2008,Pittsburgh Penguins - Ottawa Senators ,1.85,3.33
2009,Detroit Red Wings - Pittsburgh Penguins ,1.77,3.41
2009,Pittsburgh Penguins - Detroit Red Wings ,2.26,2.47
2009,Detroit Red Wings - Pittsburgh Penguins ,1.94,3.03
2009,Pittsburgh Penguins - Detroit Red Wings ,2.09,2.71
2009,Pittsburgh Penguins - Detroit Red Wings ,2.08,2.71
2009,Detroit Red Wings - Pittsburgh Penguins ,2.01,2.87
2009,Detroit Red Wings - Pittsburgh Penguins ,1.97,2.95
2009,Detroit Red Wings - Chicago Blackhawks ,1.58,4.28
2009,Carolina Hurricanes - Pittsburgh Penguins ,2.76,2.06
2009,Chicago Blackhawks - Detroit Red Wings ,2.56,2.25
2009,Carolina Hurricanes - Pittsburgh Penguins ,2.22,2.61
2009,Chicago Blackhawks - Detroit Red Wings ,2.29,2.52
2009,Pittsburgh Penguins - Carolina Hurricanes ,1.78,3.52
2009,Detroit Red Wings - Chicago Blackhawks ,1.7,3.84
2009,Pittsburgh Penguins - Carolina Hurricanes ,1.77,3.61
2009,Detroit Red Wings - Chicago Blackhawks ,1.79,3.54
2009,Boston Bruins - Carolina Hurricanes ,1.69,3.92
2009,Detroit Red Wings - Anaheim Ducks ,1.6,4.32
2009,Washington Capitals - Pittsburgh Penguins ,2.1,2.76
2009,Anaheim Ducks - Detroit Red Wings ,3.1,1.94
2009,Carolina Hurricanes - Boston Bruins ,2.58,2.29
2009,Chicago Blackhawks - Vancouver Canucks ,2.03,2.9
2009,Pittsburgh Penguins - Washington Capitals ,1.96,3.02
2009,Boston Bruins - Carolina Hurricanes ,1.77,3.67
2009,Detroit Red Wings - Anaheim Ducks ,1.65,3.98
2009,Vancouver Canucks - Chicago Blackhawks ,2.03,3
2009,Washington Capitals - Pittsburgh Penguins ,2.05,2.91
2009,Carolina Hurricanes - Boston Bruins ,2.67,2.21
2009,Pittsburgh Penguins - Washington Capitals ,1.9,3.2
2009,Anaheim Ducks - Detroit Red Wings ,2.96,2.01
2009,Chicago Blackhawks - Vancouver Canucks ,2.02,2.99
2009,Carolina Hurricanes - Boston Bruins ,2.6,2.27
2009,Pittsburgh Penguins - Washington Capitals ,1.92,3.15
2009,Anaheim Ducks - Detroit Red Wings ,2.7,2.16
2009,Chicago Blackhawks - Vancouver Canucks ,2.04,2.89
2009,Washington Capitals - Pittsburgh Penguins ,2.21,2.59
2009,Boston Bruins - Carolina Hurricanes ,1.66,4.06
2009,Detroit Red Wings - Anaheim Ducks ,1.7,3.83
2009,Vancouver Canucks - Chicago Blackhawks ,2.04,2.89
2009,Washington Capitals - Pittsburgh Penguins ,2.1,2.77
2009,Boston Bruins - Carolina Hurricanes ,1.73,3.77
2009,Detroit Red Wings - Anaheim Ducks ,1.62,4.16
2009,Vancouver Canucks - Chicago Blackhawks ,2.02,2.96
2009,New Jersey Devils - Carolina Hurricanes ,2.05,2.91
2009,Washington Capitals - New York Rangers ,1.62,4.28
2009,Anaheim Ducks - San Jose Sharks ,2.61,2.24
2009,Calgary Flames - Chicago Blackhawks ,2.2,2.66
2009,Carolina Hurricanes - New Jersey Devils ,2.1,2.82
2009,New York Rangers - Washington Capitals ,NA,NA
2009,San Jose Sharks - Anaheim Ducks ,1.76,3.59
2009,Chicago Blackhawks - Calgary Flames ,1.97,2.94
2009,Philadelphia Flyers - Pittsburgh Penguins ,2.16,2.64
2009,Washington Capitals - New York Rangers ,1.73,3.62
2009,Anaheim Ducks - San Jose Sharks ,2.85,2.08
2009,New Jersey Devils - Carolina Hurricanes ,2.01,3.01
2009,Columbus Blue Jackets - Detroit Red Wings ,3.97,1.69
2009,Pittsburgh Penguins - Philadelphia Flyers ,1.73,3.74
2009,Calgary Flames - Chicago Blackhawks ,2.04,2.83
2009,Montreal Canadiens - Boston Bruins ,3.42,1.8
2009,New York Rangers - Washington Capitals ,2.68,2.16
2009,Anaheim Ducks - San Jose Sharks ,2.74,2.11
2009,St. Louis Blues - Vancouver Canucks ,2.68,2.15
2009,Carolina Hurricanes - New Jersey Devils ,2.06,2.81
2009,Columbus Blue Jackets - Detroit Red Wings ,3.07,1.94
2009,Philadelphia Flyers - Pittsburgh Penguins ,2.15,2.63
2009,Calgary Flames - Chicago Blackhawks ,2.01,2.84
2009,Montreal Canadiens - Boston Bruins ,2.65,2.15
2009,New York Rangers - Washington Capitals ,2.55,2.22
2009,San Jose Sharks - Anaheim Ducks ,1.62,4.13
2009,Carolina Hurricanes - New Jersey Devils ,2.11,2.74
2009,St. Louis Blues - Vancouver Canucks ,2.33,2.46
2009,Philadelphia Flyers - Pittsburgh Penguins ,2.22,2.57
2009,Chicago Blackhawks - Calgary Flames ,2.03,NA
2009,Boston Bruins - Montreal Canadiens ,1.66,3.94
2009,Detroit Red Wings - Columbus Blue Jackets ,1.55,4.53
2009,Washington Capitals - New York Rangers ,1.76,3.51
2009,Vancouver Canucks - St. Louis Blues ,1.81,3.37
2009,New Jersey Devils - Carolina Hurricanes ,1.96,2.99
2009,Pittsburgh Penguins - Philadelphia Flyers ,1.85,3.24
2009,San Jose Sharks - Anaheim Ducks ,1.7,3.77
2009,Chicago Blackhawks - Calgary Flames ,1.94,3
2009,Boston Bruins - Montreal Canadiens ,1.68,3.87
2009,Detroit Red Wings - Columbus Blue Jackets ,1.61,4.23
2009,Vancouver Canucks - St. Louis Blues ,1.84,3.33
2009,New Jersey Devils - Carolina Hurricanes ,2.03,2.87
2009,Pittsburgh Penguins - Philadelphia Flyers ,1.91,3.06
2009,Washington Capitals - New York Rangers ,1.84,3.25
2010,Philadelphia Flyers - Chicago Blackhawks ,2.3,2.42
2010,Chicago Blackhawks - Philadelphia Flyers ,1.8,3.25
2010,Philadelphia Flyers - Chicago Blackhawks ,2.24,2.45
2010,Philadelphia Flyers - Chicago Blackhawks ,2.15,2.6
2010,Chicago Blackhawks - Philadelphia Flyers ,1.78,3.39
2010,Chicago Blackhawks - Philadelphia Flyers ,1.81,3.39
2010,Philadelphia Flyers - Montreal Canadiens ,1.82,3.37
2010,Chicago Blackhawks - San Jose Sharks ,1.95,2.99
2010,Montreal Canadiens - Philadelphia Flyers ,2.09,2.78
2010,Chicago Blackhawks - San Jose Sharks ,1.99,2.91
2010,Montreal Canadiens - Philadelphia Flyers ,2.22,2.59
2010,San Jose Sharks - Chicago Blackhawks ,2.08,2.81
2010,Philadelphia Flyers - Montreal Canadiens ,1.98,2.94
2010,Philadelphia Flyers - Montreal Canadiens ,2.08,2.68
2010,San Jose Sharks - Chicago Blackhawks ,2.14,2.65
2010,Boston Bruins - Philadelphia Flyers ,2.24,2.56
2010,Philadelphia Flyers - Boston Bruins ,2.07,2.8
2010,Pittsburgh Penguins - Montreal Canadiens ,1.67,3.85
2010,Vancouver Canucks - Chicago Blackhawks ,2.19,2.59
2010,Boston Bruins - Philadelphia Flyers ,2.08,2.81
2010,Montreal Canadiens - Pittsburgh Penguins ,3.11,1.9
2010,Chicago Blackhawks - Vancouver Canucks ,1.81,3.3
2010,San Jose Sharks - Detroit Red Wings ,2.09,2.75
2010,Pittsburgh Penguins - Montreal Canadiens ,1.59,4.27
2010,Vancouver Canucks - Chicago Blackhawks ,2.15,2.64
2010,Philadelphia Flyers - Boston Bruins ,2.17,2.66
2010,Detroit Red Wings - San Jose Sharks ,2.14,2.68
2010,Montreal Canadiens - Pittsburgh Penguins ,2.95,1.98
2010,Vancouver Canucks - Chicago Blackhawks ,2.13,2.69
2010,Philadelphia Flyers - Boston Bruins ,2.01,2.91
2010,Detroit Red Wings - San Jose Sharks ,2,2.95
2010,Montreal Canadiens - Pittsburgh Penguins ,2.99,1.95
2010,Chicago Blackhawks - Vancouver Canucks ,1.97,2.94
2010,Boston Bruins - Philadelphia Flyers ,2.07,2.8
2010,San Jose Sharks - Detroit Red Wings ,2.13,2.67
2010,Pittsburgh Penguins - Montreal Canadiens ,1.56,4.39
2010,Chicago Blackhawks - Vancouver Canucks ,2,2.89
2010,Boston Bruins - Philadelphia Flyers ,2.04,2.89
2010,Pittsburgh Penguins - Montreal Canadiens ,1.57,4.38
2010,San Jose Sharks - Detroit Red Wings ,2.14,2.66
2010,Washington Capitals - Montreal Canadiens ,1.53,4.71
2010,Arizona Coyotes - Detroit Red Wings ,2.55,2.28
2010,Nashville Predators - Chicago Blackhawks ,2.89,2.05
2010,Boston Bruins - Buffalo Sabres ,2.15,2.71
2010,Montreal Canadiens - Washington Capitals ,3.3,1.85
2010,Los Angeles Kings - Vancouver Canucks ,2.65,2.18
2010,Detroit Red Wings - Arizona Coyotes ,1.71,3.79
2010,Colorado Avalanche - San Jose Sharks ,3.14,1.91
2010,Ottawa Senators - Pittsburgh Penguins ,2.97,1.97
2010,Chicago Blackhawks - Nashville Predators ,1.65,4.02
2010,Arizona Coyotes - Detroit Red Wings ,2.61,2.21
2010,Vancouver Canucks - Los Angeles Kings ,1.84,3.3
2010,Buffalo Sabres - Boston Bruins ,2.02,2.94
2010,Washington Capitals - Montreal Canadiens ,1.49,4.9
2010,San Jose Sharks - Colorado Avalanche ,1.62,4.12
2010,Nashville Predators - Chicago Blackhawks ,2.89,2.04
2010,New Jersey Devils - Philadelphia Flyers ,1.88,3.22
2010,Pittsburgh Penguins - Ottawa Senators ,1.53,4.65
2010,Los Angeles Kings - Vancouver Canucks ,2.55,2.28
2010,Boston Bruins - Buffalo Sabres ,2.21,2.63
2010,Montreal Canadiens - Washington Capitals ,3.37,1.8
2010,Colorado Avalanche - San Jose Sharks ,3.06,1.92
2010,Nashville Predators - Chicago Blackhawks ,2.74,2.13
2010,Philadelphia Flyers - New Jersey Devils ,2.4,2.43
2010,Ottawa Senators - Pittsburgh Penguins ,2.69,2.13
2010,Detroit Red Wings - Arizona Coyotes ,1.73,3.73
2010,Los Angeles Kings - Vancouver Canucks ,2.46,2.35
2010,Boston Bruins - Buffalo Sabres ,2.15,2.72
2010,Montreal Canadiens - Washington Capitals ,3.1,1.91
2010,Colorado Avalanche - San Jose Sharks ,2.79,2.05
2010,Chicago Blackhawks - Nashville Predators ,1.61,4.26
2010,Ottawa Senators - Pittsburgh Penguins ,2.69,2.13
2010,Philadelphia Flyers - New Jersey Devils ,2.4,2.44
2010,Detroit Red Wings - Arizona Coyotes ,1.8,3.46
2010,Vancouver Canucks - Los Angeles Kings ,1.85,3.27
2010,Washington Capitals - Montreal Canadiens ,1.5,4.83
2010,Buffalo Sabres - Boston Bruins ,1.99,2.96
2010,San Jose Sharks - Colorado Avalanche ,1.61,4.15
2010,Arizona Coyotes - Detroit Red Wings ,2.66,2.18
2010,Chicago Blackhawks - Nashville Predators ,1.65,4
2010,New Jersey Devils - Philadelphia Flyers ,1.79,3.46
2010,Pittsburgh Penguins - Ottawa Senators ,1.62,4.03
2010,Vancouver Canucks - Los Angeles Kings ,1.83,3.29
2010,Buffalo Sabres - Boston Bruins ,1.98,2.98
2010,Washington Capitals - Montreal Canadiens ,1.61,4.11
2010,San Jose Sharks - Colorado Avalanche ,1.67,3.91
2010,Arizona Coyotes - Detroit Red Wings ,2.49,2.31
2010,New Jersey Devils - Philadelphia Flyers ,1.84,3.29
2010,Pittsburgh Penguins - Ottawa Senators ,1.73,3.6
2011,Vancouver Canucks - Boston Bruins ,2.17,2.71
2011,Boston Bruins - Vancouver Canucks ,1.99,3.02
2011,Vancouver Canucks - Boston Bruins ,2.02,2.92
2011,Boston Bruins - Vancouver Canucks ,2.12,2.77
2011,Boston Bruins - Vancouver Canucks ,2.25,2.67
2011,Vancouver Canucks - Boston Bruins ,1.78,3.55
2011,Vancouver Canucks - Boston Bruins ,1.81,3.48
2011,Boston Bruins - Tampa Bay Lightning ,2.02,3
2011,Tampa Bay Lightning - Boston Bruins ,2.28,2.58
2011,Vancouver Canucks - San Jose Sharks ,1.85,3.42
2011,Boston Bruins - Tampa Bay Lightning ,2.03,3
2011,San Jose Sharks - Vancouver Canucks ,2.4,2.49
2011,Tampa Bay Lightning - Boston Bruins ,2.32,2.56
2011,San Jose Sharks - Vancouver Canucks ,2.33,2.53
2011,Tampa Bay Lightning - Boston Bruins ,2.3,2.57
2011,Vancouver Canucks - San Jose Sharks ,1.98,3.06
2011,Boston Bruins - Tampa Bay Lightning ,2.04,2.91
2011,Vancouver Canucks - San Jose Sharks ,1.94,3.14
2011,Boston Bruins - Tampa Bay Lightning ,2.05,2.95
2011,San Jose Sharks - Detroit Red Wings ,2.28,2.59
2011,Detroit Red Wings - San Jose Sharks ,2.07,2.89
2011,Nashville Predators - Vancouver Canucks ,2.84,2.14
2011,San Jose Sharks - Detroit Red Wings ,2.13,2.81
2011,Vancouver Canucks - Nashville Predators ,1.72,3.82
2011,Boston Bruins - Philadelphia Flyers ,1.99,3.08
2011,Detroit Red Wings - San Jose Sharks ,2.11,2.83
2011,Nashville Predators - Vancouver Canucks ,2.74,2.2
2011,Detroit Red Wings - San Jose Sharks ,2,3.07
2011,Boston Bruins - Philadelphia Flyers ,2.14,2.81
2011,Tampa Bay Lightning - Washington Capitals ,2.39,2.5
2011,Nashville Predators - Vancouver Canucks ,2.72,2.23
2011,Tampa Bay Lightning - Washington Capitals ,2.59,2.31
2011,Philadelphia Flyers - Boston Bruins ,2.19,2.72
2011,Washington Capitals - Tampa Bay Lightning ,1.82,3.49
2011,San Jose Sharks - Detroit Red Wings ,2.23,2.66
2011,Vancouver Canucks - Nashville Predators ,1.75,3.74
2011,Philadelphia Flyers - Boston Bruins ,2.14,2.79
2011,San Jose Sharks - Detroit Red Wings ,2.24,2.64
2011,Washington Capitals - Tampa Bay Lightning ,1.84,3.41
2011,Vancouver Canucks - Nashville Predators ,1.77,3.67
2011,Pittsburgh Penguins - Tampa Bay Lightning ,2.22,2.69
2011,Boston Bruins - Montreal Canadiens ,1.9,3.33
2011,Vancouver Canucks - Chicago Blackhawks ,1.96,3.08
2011,Philadelphia Flyers - Buffalo Sabres ,1.95,3.14
2011,Montreal Canadiens - Boston Bruins ,2.5,2.42
2011,Los Angeles Kings - San Jose Sharks ,2.68,2.23
2011,Tampa Bay Lightning - Pittsburgh Penguins ,2.15,2.79
2011,Chicago Blackhawks - Vancouver Canucks ,2.32,2.55
2011,Nashville Predators - Anaheim Ducks ,2.11,2.8
2011,Buffalo Sabres - Philadelphia Flyers ,2.33,2.56
2011,San Jose Sharks - Los Angeles Kings ,1.77,3.7
2011,Boston Bruins - Montreal Canadiens ,1.9,3.33
2011,Washington Capitals - New York Rangers ,1.81,3.54
2011,Pittsburgh Penguins - Tampa Bay Lightning ,2.1,2.85
2011,Anaheim Ducks - Nashville Predators ,2.11,2.83
2011,Philadelphia Flyers - Buffalo Sabres ,1.97,3.08
2011,Los Angeles Kings - San Jose Sharks ,2.68,2.24
2011,Vancouver Canucks - Chicago Blackhawks ,1.74,3.7
2011,Montreal Canadiens - Boston Bruins ,2.52,2.38
2011,Arizona Coyotes - Detroit Red Wings ,2.66,2.22
2011,Nashville Predators - Anaheim Ducks ,2.07,2.91
2011,Buffalo Sabres - Philadelphia Flyers ,2.33,2.53
2011,New York Rangers - Washington Capitals ,2.48,2.44
2011,Tampa Bay Lightning - Pittsburgh Penguins ,2.08,2.9
2011,Los Angeles Kings - San Jose Sharks ,2.61,2.3
2011,Chicago Blackhawks - Vancouver Canucks ,2.71,2.18
2011,Arizona Coyotes - Detroit Red Wings ,2.34,2.54
2011,Montreal Canadiens - Boston Bruins ,2.55,2.37
2011,Tampa Bay Lightning - Pittsburgh Penguins ,2.08,2.92
2011,Buffalo Sabres - Philadelphia Flyers ,2.26,2.62
2011,Chicago Blackhawks - Vancouver Canucks ,2.38,2.51
2011,Nashville Predators - Anaheim Ducks ,2.1,2.87
2011,New York Rangers - Washington Capitals ,2.38,2.53
2011,San Jose Sharks - Los Angeles Kings ,1.77,3.7
2011,Boston Bruins - Montreal Canadiens ,1.8,3.63
2011,Philadelphia Flyers - Buffalo Sabres ,1.9,3.27
2011,Detroit Red Wings - Arizona Coyotes ,1.88,3.32
2011,Anaheim Ducks - Nashville Predators ,2.11,2.84
2011,Vancouver Canucks - Chicago Blackhawks ,1.85,3.46
2011,Washington Capitals - New York Rangers ,1.91,3.23
2011,Pittsburgh Penguins - Tampa Bay Lightning ,2.18,2.76
2011,San Jose Sharks - Los Angeles Kings ,1.72,3.79
2011,Philadelphia Flyers - Buffalo Sabres ,2,2.98
2011,Boston Bruins - Montreal Canadiens ,1.79,3.63
2011,Anaheim Ducks - Nashville Predators ,2.12,2.82
2011,Vancouver Canucks - Chicago Blackhawks ,1.8,3.52
2011,Washington Capitals - New York Rangers ,1.89,3.28
2011,Detroit Red Wings - Arizona Coyotes ,1.89,3.23
2011,Pittsburgh Penguins - Tampa Bay Lightning ,2.1,2.83
2012,Los Angeles Kings - New Jersey Devils ,1.97,3.46
2012,New Jersey Devils - Los Angeles Kings ,2.61,2.49
2012,Los Angeles Kings - New Jersey Devils ,1.88,3.55
2012,Los Angeles Kings - New Jersey Devils ,2.08,3.16
2012,New Jersey Devils - Los Angeles Kings ,2.4,2.67
2012,New Jersey Devils - Los Angeles Kings ,2.52,2.55
2012,New Jersey Devils - New York Rangers ,2.44,2.65
2012,New York Rangers - New Jersey Devils ,2.21,2.88
2012,Arizona Coyotes - Los Angeles Kings ,2.85,2.21
2012,New Jersey Devils - New York Rangers ,2.41,2.67
2012,Los Angeles Kings - Arizona Coyotes ,1.8,3.91
2012,New Jersey Devils - New York Rangers ,2.51,2.6
2012,Los Angeles Kings - Arizona Coyotes ,1.8,3.99
2012,New York Rangers - New Jersey Devils ,2.15,3.05
2012,Arizona Coyotes - Los Angeles Kings ,2.72,2.36
2012,New York Rangers - New Jersey Devils ,2.27,2.91
2012,Arizona Coyotes - Los Angeles Kings ,2.63,2.47
2012,New York Rangers - Washington Capitals ,2.16,3.06
2012,Washington Capitals - New York Rangers ,2.46,2.61
2012,Philadelphia Flyers - New Jersey Devils ,2.27,2.79
2012,Arizona Coyotes - Nashville Predators ,2.44,2.62
2012,New York Rangers - Washington Capitals ,2.07,3.17
2012,New Jersey Devils - Philadelphia Flyers ,2.5,2.48
2012,Los Angeles Kings - St. Louis Blues ,2.26,2.88
2012,Washington Capitals - New York Rangers ,2.52,2.54
2012,Nashville Predators - Arizona Coyotes ,2.01,3.36
2012,Los Angeles Kings - St. Louis Blues ,2.41,2.7
2012,New Jersey Devils - Philadelphia Flyers ,2.44,2.6
2012,Nashville Predators - Arizona Coyotes ,2.02,3.24
2012,Washington Capitals - New York Rangers ,2.5,2.53
2012,Philadelphia Flyers - New Jersey Devils ,1.92,3.36
2012,St. Louis Blues - Los Angeles Kings ,2.04,3.27
2012,New York Rangers - Washington Capitals ,2.01,3.27
2012,Arizona Coyotes - Nashville Predators ,2.7,2.37
2012,Philadelphia Flyers - New Jersey Devils ,1.94,3.34
2012,St. Louis Blues - Los Angeles Kings ,2.05,3.31
2012,New York Rangers - Washington Capitals ,2.01,3.25
2012,Arizona Coyotes - Nashville Predators ,2.63,2.45
2012,Florida Panthers - New Jersey Devils ,2.64,2.41
2012,New York Rangers - Ottawa Senators ,1.98,3.29
2012,Boston Bruins - Washington Capitals ,1.89,3.48
2012,New Jersey Devils - Florida Panthers ,1.99,3.27
2012,Chicago Blackhawks - Arizona Coyotes ,2.1,3.06
2012,Ottawa Senators - New York Rangers ,2.47,2.52
2012,Vancouver Canucks - Los Angeles Kings ,1.96,3.37
2012,Washington Capitals - Boston Bruins ,2.61,2.39
2012,Philadelphia Flyers - Pittsburgh Penguins ,2.57,2.29
2012,Arizona Coyotes - Chicago Blackhawks ,2.31,2.72
2012,St. Louis Blues - San Jose Sharks ,1.88,3.56
2012,New York Rangers - Ottawa Senators ,1.95,3.39
2012,Florida Panthers - New Jersey Devils ,2.65,2.4
2012,Boston Bruins - Washington Capitals ,1.85,3.66
2012,Nashville Predators - Detroit Red Wings ,2.35,2.67
2012,Pittsburgh Penguins - Philadelphia Flyers ,1.79,3.52
2012,San Jose Sharks - St. Louis Blues ,2.56,2.46
2012,Chicago Blackhawks - Arizona Coyotes ,2.06,3.04
2012,Washington Capitals - Boston Bruins ,2.73,2.29
2012,New Jersey Devils - Florida Panthers ,1.93,3.45
2012,Los Angeles Kings - Vancouver Canucks ,2.5,2.5
2012,Ottawa Senators - New York Rangers ,2.54,2.45
2012,Philadelphia Flyers - Pittsburgh Penguins ,2.31,2.58
2012,Chicago Blackhawks - Arizona Coyotes ,2.02,3.14
2012,Detroit Red Wings - Nashville Predators ,1.99,3.32
2012,New Jersey Devils - Florida Panthers ,1.89,3.53
2012,San Jose Sharks - St. Louis Blues ,2.54,2.55
2012,Ottawa Senators - New York Rangers ,2.65,2.36
2012,Washington Capitals - Boston Bruins ,2.75,2.32
2012,Los Angeles Kings - Vancouver Canucks ,2.44,2.6
2012,Florida Panthers - New Jersey Devils ,2.56,2.45
2012,Philadelphia Flyers - Pittsburgh Penguins ,2.61,2.33
2012,Detroit Red Wings - Nashville Predators ,2.07,3.11
2012,Arizona Coyotes - Chicago Blackhawks ,2.54,2.49
2012,St. Louis Blues - San Jose Sharks ,1.97,3.36
2012,New York Rangers - Ottawa Senators ,1.93,3.41
2012,Boston Bruins - Washington Capitals ,1.84,3.64
2012,Vancouver Canucks - Los Angeles Kings ,1.94,3.42
2012,Nashville Predators - Detroit Red Wings ,2.38,2.64
2012,Pittsburgh Penguins - Philadelphia Flyers ,1.78,3.69
2012,Florida Panthers - New Jersey Devils ,2.57,2.44
2012,Arizona Coyotes - Chicago Blackhawks ,2.33,2.69
2012,Boston Bruins - Washington Capitals ,1.87,3.56
2012,St. Louis Blues - San Jose Sharks ,1.99,3.26
2012,New York Rangers - Ottawa Senators ,1.91,3.41
2012,Vancouver Canucks - Los Angeles Kings ,1.97,3.33
2012,Nashville Predators - Detroit Red Wings ,2.29,2.71
2012,Pittsburgh Penguins - Philadelphia Flyers ,1.88,3.45
2013,Boston Bruins - Chicago Blackhawks ,2.31,2.84
2013,Chicago Blackhawks - Boston Bruins ,2.07,3.16
2013,Boston Bruins - Chicago Blackhawks ,2.22,2.91
2013,Boston Bruins - Chicago Blackhawks ,2.22,2.86
2013,Chicago Blackhawks - Boston Bruins ,2.09,2.99
2013,Chicago Blackhawks - Boston Bruins ,2.08,3.08
2013,Chicago Blackhawks - Los Angeles Kings ,1.84,3.78
2013,Boston Bruins - Pittsburgh Penguins ,2.42,2.56
2013,Los Angeles Kings - Chicago Blackhawks ,2.34,2.74
2013,Boston Bruins - Pittsburgh Penguins ,2.43,2.51
2013,Los Angeles Kings - Chicago Blackhawks ,2.41,2.64
2013,Pittsburgh Penguins - Boston Bruins ,1.83,3.57
2013,Chicago Blackhawks - Los Angeles Kings ,1.96,3.3
2013,Pittsburgh Penguins - Boston Bruins ,1.86,3.53
2013,Chicago Blackhawks - Los Angeles Kings ,1.98,3.32
2013,Chicago Blackhawks - Detroit Red Wings ,1.75,3.94
2013,Los Angeles Kings - San Jose Sharks ,2.04,3.24
2013,Detroit Red Wings - Chicago Blackhawks ,2.77,2.26
2013,San Jose Sharks - Los Angeles Kings ,2.25,2.87
2013,Chicago Blackhawks - Detroit Red Wings ,1.85,3.6
2013,Boston Bruins - New York Rangers ,1.96,3.35
2013,Pittsburgh Penguins - Ottawa Senators ,1.68,4.08
2013,Los Angeles Kings - San Jose Sharks ,2.04,3.19
2013,Detroit Red Wings - Chicago Blackhawks ,2.82,2.21
2013,New York Rangers - Boston Bruins ,2.4,2.62
2013,Ottawa Senators - Pittsburgh Penguins ,2.98,2.09
2013,San Jose Sharks - Los Angeles Kings ,2.2,2.93
2013,New York Rangers - Boston Bruins ,2.16,2.93
2013,Detroit Red Wings - Chicago Blackhawks ,2.95,2.16
2013,Ottawa Senators - Pittsburgh Penguins ,2.87,2.15
2013,Boston Bruins - New York Rangers ,2.29,2.78
2013,San Jose Sharks - Los Angeles Kings ,2.16,2.95
2013,Chicago Blackhawks - Detroit Red Wings ,1.74,3.86
2013,Pittsburgh Penguins - Ottawa Senators ,1.73,3.83
2013,Los Angeles Kings - San Jose Sharks ,2.05,3.19
2013,Boston Bruins - New York Rangers ,2.32,2.67
2013,Chicago Blackhawks - Detroit Red Wings ,1.76,3.85
2013,Los Angeles Kings - San Jose Sharks ,2.07,3.09
2013,Pittsburgh Penguins - Ottawa Senators ,1.78,3.74
2013,Washington Capitals - New York Rangers ,2.2,2.86
2013,Boston Bruins - Toronto Maple Leafs ,1.91,3.45
2013,Anaheim Ducks - Detroit Red Wings ,2.13,3.02
2013,Toronto Maple Leafs - Boston Bruins ,2.89,2.16
2013,New York Rangers - Washington Capitals ,2.12,2.98
2013,New York Islanders - Pittsburgh Penguins ,3.36,1.9
2013,Los Angeles Kings - St. Louis Blues ,2.08,3.12
2013,Detroit Red Wings - Anaheim Ducks ,2.27,2.77
2013,Washington Capitals - New York Rangers ,2.18,2.85
2013,Boston Bruins - Toronto Maple Leafs ,1.73,3.85
2013,Chicago Blackhawks - Minnesota Wild ,1.6,4.62
2013,Montreal Canadiens - Ottawa Senators ,2.25,2.8
2013,Pittsburgh Penguins - New York Islanders ,1.66,4.18
2013,Anaheim Ducks - Detroit Red Wings ,2.14,2.96
2013,St. Louis Blues - Los Angeles Kings ,2.28,2.83
2013,New York Rangers - Washington Capitals ,2.17,2.92
2013,Toronto Maple Leafs - Boston Bruins ,2.87,2.19
2013,San Jose Sharks - Vancouver Canucks ,2,3.2
2013,Minnesota Wild - Chicago Blackhawks ,3.33,1.94
2013,New York Islanders - Pittsburgh Penguins ,3.2,1.94
2013,Ottawa Senators - Montreal Canadiens ,2.25,2.8
2013,Los Angeles Kings - St. Louis Blues ,2.12,3.06
2013,Detroit Red Wings - Anaheim Ducks ,2.28,2.76
2013,New York Rangers - Washington Capitals ,2.12,3.01
2013,Toronto Maple Leafs - Boston Bruins ,2.74,2.26
2013,San Jose Sharks - Vancouver Canucks ,2.17,2.94
2013,Ottawa Senators - Montreal Canadiens ,2.26,2.81
2013,Minnesota Wild - Chicago Blackhawks ,3.23,1.99
2013,New York Islanders - Pittsburgh Penguins ,3.27,1.92
2013,Los Angeles Kings - St. Louis Blues ,2.15,3.02
2013,Detroit Red Wings - Anaheim Ducks ,2.17,2.9
2013,Boston Bruins - Toronto Maple Leafs ,1.81,3.63
2013,Washington Capitals - New York Rangers ,2.22,2.82
2013,Vancouver Canucks - San Jose Sharks ,2.15,2.92
2013,Chicago Blackhawks - Minnesota Wild ,1.63,4.45
2013,Montreal Canadiens - Ottawa Senators ,2.2,2.85
2013,Pittsburgh Penguins - New York Islanders ,1.58,4.45
2013,Anaheim Ducks - Detroit Red Wings ,2.14,2.94
2013,St. Louis Blues - Los Angeles Kings ,2.29,2.73
2013,Washington Capitals - New York Rangers ,2.21,2.81
2013,Montreal Canadiens - Ottawa Senators ,2.06,3.03
2013,Vancouver Canucks - San Jose Sharks ,2.15,2.96
2013,Pittsburgh Penguins - New York Islanders ,1.67,4.13
2013,Boston Bruins - Toronto Maple Leafs ,1.89,3.43
2013,Anaheim Ducks - Detroit Red Wings ,2.17,2.87
2013,Chicago Blackhawks - Minnesota Wild ,1.63,4.38
2013,St. Louis Blues - Los Angeles Kings ,2.32,2.67
2014,Los Angeles Kings - New York Rangers ,1.93,3.36
2014,New York Rangers - Los Angeles Kings ,2.15,2.93
2014,New York Rangers - Los Angeles Kings ,2.07,3
2014,Los Angeles Kings - New York Rangers ,2.03,3.11
2014,Los Angeles Kings - New York Rangers ,2.02,3.13
2014,Chicago Blackhawks - Los Angeles Kings ,2.08,2.95
2014,Los Angeles Kings - Chicago Blackhawks ,2.08,3
2014,New York Rangers - Montreal Canadiens ,1.93,3.37
2014,Chicago Blackhawks - Los Angeles Kings ,2.09,3
2014,Montreal Canadiens - New York Rangers ,2.52,2.48
2014,Los Angeles Kings - Chicago Blackhawks ,2.26,2.77
2014,New York Rangers - Montreal Canadiens ,1.91,3.41
2014,Los Angeles Kings - Chicago Blackhawks ,2.25,2.8
2014,New York Rangers - Montreal Canadiens ,1.9,3.44
2014,Chicago Blackhawks - Los Angeles Kings ,2.02,3.16
2014,Montreal Canadiens - New York Rangers ,2.5,2.5
2014,Chicago Blackhawks - Los Angeles Kings ,2.01,3.22
2014,Montreal Canadiens - New York Rangers ,2.25,2.79
2014,Anaheim Ducks - Los Angeles Kings ,2.29,2.78
2014,Los Angeles Kings - Anaheim Ducks ,2.14,2.95
2014,Boston Bruins - Montreal Canadiens ,1.9,3.48
2014,Minnesota Wild - Chicago Blackhawks ,2.67,2.36
2014,Pittsburgh Penguins - New York Rangers ,2.01,3.2
2014,Anaheim Ducks - Los Angeles Kings ,2.22,2.83
2014,Montreal Canadiens - Boston Bruins ,2.8,2.26
2014,Chicago Blackhawks - Minnesota Wild ,1.79,3.77
2014,New York Rangers - Pittsburgh Penguins ,2.46,2.55
2014,Los Angeles Kings - Anaheim Ducks ,2.06,3.09
2014,Boston Bruins - Montreal Canadiens ,1.81,3.67
2014,Minnesota Wild - Chicago Blackhawks ,2.88,2.2
2014,Pittsburgh Penguins - New York Rangers ,1.88,3.48
2014,Los Angeles Kings - Anaheim Ducks ,2.08,3.03
2014,Montreal Canadiens - Boston Bruins ,2.85,2.19
2014,New York Rangers - Pittsburgh Penguins ,2.51,2.51
2014,Minnesota Wild - Chicago Blackhawks ,2.82,2.23
2014,Montreal Canadiens - Boston Bruins ,2.84,2.21
2014,Anaheim Ducks - Los Angeles Kings ,2.16,2.94
2014,New York Rangers - Pittsburgh Penguins ,2.5,2.51
2014,Pittsburgh Penguins - New York Rangers ,1.92,3.4
2014,Chicago Blackhawks - Minnesota Wild ,1.76,3.85
2014,Anaheim Ducks - Los Angeles Kings ,2.25,2.77
2014,Boston Bruins - Montreal Canadiens ,1.74,3.91
2014,Chicago Blackhawks - Minnesota Wild ,1.76,3.83
2014,Pittsburgh Penguins - New York Rangers ,1.98,3.24
2014,Boston Bruins - Montreal Canadiens ,1.83,3.66
2014,San Jose Sharks - Los Angeles Kings ,2.12,2.95
2014,Colorado Avalanche - Minnesota Wild ,2.11,2.96
2014,New York Rangers - Philadelphia Flyers ,2,3.24
2014,Philadelphia Flyers - New York Rangers ,2.5,2.51
2014,Los Angeles Kings - San Jose Sharks ,2.29,2.75
2014,Minnesota Wild - Colorado Avalanche ,2.15,2.92
2014,Columbus Blue Jackets - Pittsburgh Penguins ,2.87,2.14
2014,Dallas Stars - Anaheim Ducks ,2.39,2.57
2014,Chicago Blackhawks - St. Louis Blues ,2.06,3.12
2014,New York Rangers - Philadelphia Flyers ,2,3.19
2014,San Jose Sharks - Los Angeles Kings ,2.01,3.18
2014,Colorado Avalanche - Minnesota Wild ,2.13,2.93
2014,Pittsburgh Penguins - Columbus Blue Jackets ,1.79,3.6
2014,Boston Bruins - Detroit Red Wings ,1.68,4.11
2014,Anaheim Ducks - Dallas Stars ,2.01,3.09
2014,St. Louis Blues - Chicago Blackhawks ,2.38,2.64
2014,Philadelphia Flyers - New York Rangers ,2.48,2.53
2014,Los Angeles Kings - San Jose Sharks ,2.47,2.53
2014,Minnesota Wild - Colorado Avalanche ,2.23,2.84
2014,Detroit Red Wings - Boston Bruins ,3.02,2.11
2014,Chicago Blackhawks - St. Louis Blues ,2.06,3.04
2014,Dallas Stars - Anaheim Ducks ,2.42,2.54
2014,Columbus Blue Jackets - Pittsburgh Penguins ,2.9,2.12
2014,Los Angeles Kings - San Jose Sharks ,2.32,2.69
2014,Philadelphia Flyers - New York Rangers ,2.49,2.51
2014,Detroit Red Wings - Boston Bruins ,2.9,2.14
2014,Montreal Canadiens - Tampa Bay Lightning ,1.91,3.41
2014,Dallas Stars - Anaheim Ducks ,2.33,2.61
2014,Chicago Blackhawks - St. Louis Blues ,1.99,3.2
2014,Columbus Blue Jackets - Pittsburgh Penguins ,2.81,2.18
2014,Minnesota Wild - Colorado Avalanche ,2.29,2.72
2014,San Jose Sharks - Los Angeles Kings ,2.12,3
2014,Montreal Canadiens - Tampa Bay Lightning ,1.99,3.23
2014,Boston Bruins - Detroit Red Wings ,1.73,3.97
2014,New York Rangers - Philadelphia Flyers ,2,3.28
2014,Colorado Avalanche - Minnesota Wild ,2.08,3.03
2014,Pittsburgh Penguins - Columbus Blue Jackets ,1.78,3.69
2014,St. Louis Blues - Chicago Blackhawks ,2.51,2.48
2014,Anaheim Ducks - Dallas Stars ,1.9,3.27
2014,Boston Bruins - Detroit Red Wings ,1.76,3.84
2014,Tampa Bay Lightning - Montreal Canadiens ,2.4,2.61
2014,San Jose Sharks - Los Angeles Kings ,2.2,2.86
2014,Colorado Avalanche - Minnesota Wild ,2.11,2.98
2014,St. Louis Blues - Chicago Blackhawks ,2.46,2.49
2014,New York Rangers - Philadelphia Flyers ,2,3.25
2014,Anaheim Ducks - Dallas Stars ,1.89,3.35
2014,Pittsburgh Penguins - Columbus Blue Jackets ,1.77,3.74
2014,Tampa Bay Lightning - Montreal Canadiens ,2.38,2.59
2015,Chicago Blackhawks - Tampa Bay Lightning ,2.07,3.21
2015,Tampa Bay Lightning - Chicago Blackhawks ,2.39,2.73
2015,Chicago Blackhawks - Tampa Bay Lightning ,2,3.43
2015,Chicago Blackhawks - Tampa Bay Lightning ,1.99,3.27
2015,Tampa Bay Lightning - Chicago Blackhawks ,2.23,2.91
2015,Tampa Bay Lightning - Chicago Blackhawks ,2.29,2.82
2015,Anaheim Ducks - Chicago Blackhawks ,2.25,2.83
2015,New York Rangers - Tampa Bay Lightning ,2.03,3.24
2015,Chicago Blackhawks - Anaheim Ducks ,2.11,3.1
2015,Tampa Bay Lightning - New York Rangers ,2.25,2.87
2015,Anaheim Ducks - Chicago Blackhawks ,2.14,3.09
2015,New York Rangers - Tampa Bay Lightning ,2.13,3.02
2015,Chicago Blackhawks - Anaheim Ducks ,2.07,3.15
2015,Tampa Bay Lightning - New York Rangers ,2.24,2.86
2015,Chicago Blackhawks - Anaheim Ducks ,2.09,3.1
2015,Tampa Bay Lightning - New York Rangers ,2.19,2.97
2015,Anaheim Ducks - Chicago Blackhawks ,2.33,2.75
2015,New York Rangers - Tampa Bay Lightning ,2.28,2.89
2015,Anaheim Ducks - Chicago Blackhawks ,2.32,2.84
2015,New York Rangers - Tampa Bay Lightning ,2.15,3.11
2015,New York Rangers - Washington Capitals ,2.02,3.35
2015,Tampa Bay Lightning - Montreal Canadiens ,2.1,3.19
2015,Anaheim Ducks - Calgary Flames ,1.65,4.34
2015,Washington Capitals - New York Rangers ,2.42,2.68
2015,Montreal Canadiens - Tampa Bay Lightning ,2.28,2.86
2015,Calgary Flames - Anaheim Ducks ,2.98,2.15
2015,New York Rangers - Washington Capitals ,1.99,3.42
2015,Minnesota Wild - Chicago Blackhawks ,2.34,2.78
2015,Tampa Bay Lightning - Montreal Canadiens ,2.08,3.12
2015,Washington Capitals - New York Rangers ,2.52,2.59
2015,Tampa Bay Lightning - Montreal Canadiens ,2.11,3.11
2015,Calgary Flames - Anaheim Ducks ,2.93,2.15
2015,Minnesota Wild - Chicago Blackhawks ,2.2,2.93
2015,Washington Capitals - New York Rangers ,2.47,2.63
2015,Anaheim Ducks - Calgary Flames ,1.72,4.06
2015,Chicago Blackhawks - Minnesota Wild ,2.15,3.01
2015,Montreal Canadiens - Tampa Bay Lightning ,2.23,2.89
2015,New York Rangers - Washington Capitals ,1.98,3.37
2015,Chicago Blackhawks - Minnesota Wild ,2.17,2.99
2015,Montreal Canadiens - Tampa Bay Lightning ,2.28,2.79
2015,Anaheim Ducks - Calgary Flames ,1.82,3.74
2015,New York Rangers - Washington Capitals ,2.02,3.27
2015,Tampa Bay Lightning - Detroit Red Wings ,1.87,3.57
2015,Washington Capitals - New York Islanders ,2.13,3.06
2015,Detroit Red Wings - Tampa Bay Lightning ,2.4,2.67
2015,Ottawa Senators - Montreal Canadiens ,2.4,2.69
2015,Minnesota Wild - St. Louis Blues ,2.28,2.83
2015,Calgary Flames - Vancouver Canucks ,2.3,2.81
2015,Chicago Blackhawks - Nashville Predators ,2.07,3.14
2015,Tampa Bay Lightning - Detroit Red Wings ,1.86,3.62
2015,New York Islanders - Washington Capitals ,2.28,2.82
2015,St. Louis Blues - Minnesota Wild ,2.13,3.06
2015,Montreal Canadiens - Ottawa Senators ,2.02,3.28
2015,New York Rangers - Pittsburgh Penguins ,1.89,3.58
2015,Vancouver Canucks - Calgary Flames ,2.07,3.15
2015,Nashville Predators - Chicago Blackhawks ,2.41,2.66
2015,Detroit Red Wings - Tampa Bay Lightning ,2.53,2.54
2015,Washington Capitals - New York Islanders ,2.26,2.82
2015,Minnesota Wild - St. Louis Blues ,2.19,2.91
2015,Winnipeg Jets - Anaheim Ducks ,2.27,2.78
2015,Ottawa Senators - Montreal Canadiens ,2.43,2.65
2015,Pittsburgh Penguins - New York Rangers ,2.69,2.41
2015,Calgary Flames - Vancouver Canucks ,2.36,2.7
2015,Chicago Blackhawks - Nashville Predators ,1.98,3.27
2015,New York Islanders - Washington Capitals ,2.16,2.93
2015,Detroit Red Wings - Tampa Bay Lightning ,2.56,2.46
2015,Winnipeg Jets - Anaheim Ducks ,2.22,2.84
2015,Minnesota Wild - St. Louis Blues ,2.25,2.86
2015,Pittsburgh Penguins - New York Rangers ,2.72,2.36
2015,Calgary Flames - Vancouver Canucks ,2.39,2.67
2015,Ottawa Senators - Montreal Canadiens ,2.32,2.77
2015,Chicago Blackhawks - Nashville Predators ,1.98,3.3
2015,New York Islanders - Washington Capitals ,2.15,3.09
2015,Anaheim Ducks - Winnipeg Jets ,2.1,3
2015,New York Rangers - Pittsburgh Penguins ,1.89,3.55
2015,St. Louis Blues - Minnesota Wild ,2.12,3.04
2015,Tampa Bay Lightning - Detroit Red Wings ,1.84,3.73
2015,Vancouver Canucks - Calgary Flames ,2.05,3.19
2015,Nashville Predators - Chicago Blackhawks ,2.42,2.69
2015,Montreal Canadiens - Ottawa Senators ,2.18,2.91
2015,Washington Capitals - New York Islanders ,2.16,2.94
2015,Anaheim Ducks - Winnipeg Jets ,2.12,3.02
2015,St. Louis Blues - Minnesota Wild ,2.15,2.94
2015,Tampa Bay Lightning - Detroit Red Wings ,1.98,3.25
2015,New York Rangers - Pittsburgh Penguins ,1.9,3.49
2015,Vancouver Canucks - Calgary Flames ,2.06,3.1
2015,Nashville Predators - Chicago Blackhawks ,2.52,2.57
2015,Montreal Canadiens - Ottawa Senators ,2.14,2.99
2015,Washington Capitals - New York Islanders ,2.17,2.84
2016,San Jose Sharks - Pittsburgh Penguins ,2.69,2.36
2016,Pittsburgh Penguins - San Jose Sharks ,1.91,3.45
2016,San Jose Sharks - Pittsburgh Penguins ,2.27,2.74
2016,San Jose Sharks - Pittsburgh Penguins ,2.1,3.01
2016,Pittsburgh Penguins - San Jose Sharks ,2.29,2.74
2016,Pittsburgh Penguins - San Jose Sharks ,2.15,2.88
2016,Pittsburgh Penguins - Tampa Bay Lightning ,1.75,3.89
2016,San Jose Sharks - St. Louis Blues ,2.08,3.05
2016,Tampa Bay Lightning - Pittsburgh Penguins ,2.87,2.13
2016,St. Louis Blues - San Jose Sharks ,2.39,2.63
2016,Pittsburgh Penguins - Tampa Bay Lightning ,1.79,3.69
2016,San Jose Sharks - St. Louis Blues ,2,3.26
2016,Tampa Bay Lightning - Pittsburgh Penguins ,2.95,2.11
2016,San Jose Sharks - St. Louis Blues ,2.07,3.08
2016,Tampa Bay Lightning - Pittsburgh Penguins ,2.75,2.25
2016,St. Louis Blues - San Jose Sharks ,2.25,2.77
2016,Pittsburgh Penguins - Tampa Bay Lightning ,1.77,3.85
2016,St. Louis Blues - San Jose Sharks ,2.1,2.98
2016,Pittsburgh Penguins - Tampa Bay Lightning ,1.86,3.48
2016,San Jose Sharks - Nashville Predators ,1.86,3.52
2016,Dallas Stars - St. Louis Blues ,2.52,2.45
2016,Pittsburgh Penguins - Washington Capitals ,2.2,2.8
2016,Nashville Predators - San Jose Sharks ,2.68,2.32
2016,St. Louis Blues - Dallas Stars ,1.94,3.34
2016,Tampa Bay Lightning - New York Islanders ,1.95,3.32
2016,San Jose Sharks - Nashville Predators ,1.95,3.34
2016,Washington Capitals - Pittsburgh Penguins ,2.03,3.09
2016,Dallas Stars - St. Louis Blues ,2.37,2.58
2016,New York Islanders - Tampa Bay Lightning ,2.5,2.46
2016,Nashville Predators - San Jose Sharks ,2.46,2.53
2016,St. Louis Blues - Dallas Stars ,2.02,3.12
2016,Pittsburgh Penguins - Washington Capitals ,2.76,2.29
2016,St. Louis Blues - Dallas Stars ,2.07,2.99
2016,Nashville Predators - San Jose Sharks ,2.35,2.67
2016,New York Islanders - Tampa Bay Lightning ,2.46,2.57
2016,Pittsburgh Penguins - Washington Capitals ,2.1,2.96
2016,San Jose Sharks - Nashville Predators ,1.9,3.53
2016,Dallas Stars - St. Louis Blues ,2.31,2.68
2016,Washington Capitals - Pittsburgh Penguins ,2.22,2.71
2016,Tampa Bay Lightning - New York Islanders ,1.97,3.32
2016,San Jose Sharks - Nashville Predators ,1.99,3.26
2016,Dallas Stars - St. Louis Blues ,2.36,2.61
2016,Washington Capitals - Pittsburgh Penguins ,2.24,2.77
2016,Anaheim Ducks - Nashville Predators ,1.94,3.45
2016,Tampa Bay Lightning - New York Islanders ,2.03,3.33
2016,St. Louis Blues - Chicago Blackhawks ,2.52,2.46
2016,Nashville Predators - Anaheim Ducks ,2.61,2.37
2016,New York Islanders - Florida Panthers ,2.45,2.51
2016,Minnesota Wild - Dallas Stars ,2.81,2.21
2016,Philadelphia Flyers - Washington Capitals ,3.54,1.89
2016,Chicago Blackhawks - St. Louis Blues ,2.07,3.06
2016,Anaheim Ducks - Nashville Predators ,1.95,3.3
2016,Pittsburgh Penguins - New York Rangers ,1.83,3.65
2016,Los Angeles Kings - San Jose Sharks ,2.14,2.94
2016,Dallas Stars - Minnesota Wild ,1.78,3.88
2016,Florida Panthers - New York Islanders ,1.96,3.24
2016,Washington Capitals - Philadelphia Flyers ,1.63,4.45
2016,St. Louis Blues - Chicago Blackhawks ,2.3,2.68
2016,Nashville Predators - Anaheim Ducks ,2.46,2.5
2016,New York Rangers - Pittsburgh Penguins ,2.58,2.35
2016,Tampa Bay Lightning - Detroit Red Wings ,2.04,3.11
2016,San Jose Sharks - Los Angeles Kings ,2.36,2.62
2016,Minnesota Wild - Dallas Stars ,2.73,2.27
2016,New York Islanders - Florida Panthers ,2.44,2.51
2016,Philadelphia Flyers - Washington Capitals ,3.25,1.95
2016,Chicago Blackhawks - St. Louis Blues ,2.03,3.12
2016,Nashville Predators - Anaheim Ducks ,2.46,2.49
2016,Detroit Red Wings - Tampa Bay Lightning ,2.25,2.77
2016,New York Rangers - Pittsburgh Penguins ,2.54,2.39
2016,San Jose Sharks - Los Angeles Kings ,2.36,2.62
2016,Minnesota Wild - Dallas Stars ,2.64,2.3
2016,Philadelphia Flyers - Washington Capitals ,3.01,2.1
2016,Anaheim Ducks - Nashville Predators ,1.92,3.36
2016,New York Islanders - Florida Panthers ,2.35,2.59
2016,Detroit Red Wings - Tampa Bay Lightning ,2.3,2.69
2016,Chicago Blackhawks - St. Louis Blues ,2.05,3.1
2016,Los Angeles Kings - San Jose Sharks ,2.08,3
2016,Dallas Stars - Minnesota Wild ,1.75,3.84
2016,Washington Capitals - Philadelphia Flyers ,1.68,4.21
2016,Pittsburgh Penguins - New York Rangers ,1.8,3.66
2016,Anaheim Ducks - Nashville Predators ,1.99,3.26
2016,St. Louis Blues - Chicago Blackhawks ,2.38,2.7
2016,Florida Panthers - New York Islanders ,1.99,3.18
2016,Tampa Bay Lightning - Detroit Red Wings ,1.97,3.24
2016,Los Angeles Kings - San Jose Sharks ,2.1,3.03
2016,Dallas Stars - Minnesota Wild ,1.78,3.75
2016,Florida Panthers - New York Islanders ,2.09,3.04
2016,Washington Capitals - Philadelphia Flyers ,1.71,4.09
2016,St. Louis Blues - Chicago Blackhawks ,2.16,2.95
2016,Pittsburgh Penguins - New York Rangers ,1.97,3.22
2016,Tampa Bay Lightning - Detroit Red Wings ,2,3.23
2017,Nashville Predators - Pittsburgh Penguins ,2.28,2.74
2017,Pittsburgh Penguins - Nashville Predators ,2.09,3.07
2017,Nashville Predators - Pittsburgh Penguins ,2.17,2.88
2017,Nashville Predators - Pittsburgh Penguins ,2.16,2.91
2017,Pittsburgh Penguins - Nashville Predators ,2.16,2.9
2017,Pittsburgh Penguins - Nashville Predators ,2.04,3.17
2017,Pittsburgh Penguins - Ottawa Senators ,1.74,4.03
2017,Ottawa Senators - Pittsburgh Penguins ,2.97,2.13
2017,Nashville Predators - Anaheim Ducks ,2.19,2.95
2017,Pittsburgh Penguins - Ottawa Senators ,1.84,3.72
2017,Anaheim Ducks - Nashville Predators ,2.16,2.96
2017,Ottawa Senators - Pittsburgh Penguins ,2.68,2.34
2017,Nashville Predators - Anaheim Ducks ,2.13,3
2017,Ottawa Senators - Pittsburgh Penguins ,2.73,2.31
2017,Nashville Predators - Anaheim Ducks ,2.11,2.98
2017,Pittsburgh Penguins - Ottawa Senators ,1.79,3.86
2017,Anaheim Ducks - Nashville Predators ,2.27,2.76
2017,Pittsburgh Penguins - Ottawa Senators ,1.83,3.65
2017,Anaheim Ducks - Nashville Predators ,2.41,2.62
2017,Anaheim Ducks - Edmonton Oilers ,2.29,2.73
2017,Washington Capitals - Pittsburgh Penguins ,1.97,3.3
2017,New York Rangers - Ottawa Senators ,1.81,3.74
2017,Pittsburgh Penguins - Washington Capitals ,2.39,2.61
2017,Edmonton Oilers - Anaheim Ducks ,2.25,2.77
2017,Nashville Predators - St. Louis Blues ,2.04,3.31
2017,Washington Capitals - Pittsburgh Penguins ,2,3.18
2017,Ottawa Senators - New York Rangers ,2.64,2.41
2017,Anaheim Ducks - Edmonton Oilers ,2.18,2.87
2017,St. Louis Blues - Nashville Predators ,2.44,2.61
2017,New York Rangers - Ottawa Senators ,2,3.29
2017,Edmonton Oilers - Anaheim Ducks ,2.24,2.82
2017,Pittsburgh Penguins - Washington Capitals ,2.82,2.23
2017,Nashville Predators - St. Louis Blues ,2.1,3.14
2017,New York Rangers - Ottawa Senators ,1.99,3.36
2017,Pittsburgh Penguins - Washington Capitals ,2.46,2.49
2017,Edmonton Oilers - Anaheim Ducks ,2.32,2.72
2017,Nashville Predators - St. Louis Blues ,2.09,3.13
2017,Washington Capitals - Pittsburgh Penguins ,2.03,3.15
2017,Ottawa Senators - New York Rangers ,2.65,2.44
2017,Anaheim Ducks - Edmonton Oilers ,2.18,2.94
2017,St. Louis Blues - Nashville Predators ,2.33,2.71
2017,Washington Capitals - Pittsburgh Penguins ,2.21,2.8
2017,Ottawa Senators - New York Rangers ,2.6,2.48
2017,Anaheim Ducks - Edmonton Oilers ,2.21,2.84
2017,St. Louis Blues - Nashville Predators ,2.41,2.68
2017,Toronto Maple Leafs - Washington Capitals ,2.89,2.15
2017,Boston Bruins - Ottawa Senators ,2.09,3.11
2017,San Jose Sharks - Edmonton Oilers ,2.15,3.02
2017,New York Rangers - Montreal Canadiens ,2.49,2.58
2017,Minnesota Wild - St. Louis Blues ,1.94,3.49
2017,Ottawa Senators - Boston Bruins ,2.59,2.45
2017,Washington Capitals - Toronto Maple Leafs ,1.77,3.86
2017,Edmonton Oilers - San Jose Sharks ,2.28,2.79
2017,Nashville Predators - Chicago Blackhawks ,2.49,2.5
2017,Montreal Canadiens - New York Rangers ,2.1,3.1
2017,Pittsburgh Penguins - Columbus Blue Jackets ,1.81,3.65
2017,Calgary Flames - Anaheim Ducks ,2.37,2.63
2017,St. Louis Blues - Minnesota Wild ,2.64,2.43
2017,Boston Bruins - Ottawa Senators ,2,3.29
2017,Toronto Maple Leafs - Washington Capitals ,3.05,2.07
2017,San Jose Sharks - Edmonton Oilers ,2.2,2.91
2017,Columbus Blue Jackets - Pittsburgh Penguins ,2.74,2.27
2017,New York Rangers - Montreal Canadiens ,2.53,2.5
2017,Calgary Flames - Anaheim Ducks ,2.28,2.77
2017,Nashville Predators - Chicago Blackhawks ,2.43,2.61
2017,Boston Bruins - Ottawa Senators ,1.98,3.33
2017,Toronto Maple Leafs - Washington Capitals ,3.07,2.07
2017,San Jose Sharks - Edmonton Oilers ,2.31,2.75
2017,New York Rangers - Montreal Canadiens ,2.44,2.61
2017,Columbus Blue Jackets - Pittsburgh Penguins ,2.33,2.7
2017,St. Louis Blues - Minnesota Wild ,2.79,2.31
2017,Anaheim Ducks - Calgary Flames ,2.04,3.16
2017,Chicago Blackhawks - Nashville Predators ,1.9,3.45
2017,Washington Capitals - Toronto Maple Leafs ,1.68,4.21
2017,Ottawa Senators - Boston Bruins ,2.51,2.59
2017,Edmonton Oilers - San Jose Sharks ,2.16,2.91
2017,Minnesota Wild - St. Louis Blues ,1.81,3.76
2017,Montreal Canadiens - New York Rangers ,2.09,3.1
2017,Pittsburgh Penguins - Columbus Blue Jackets ,2.04,3.1
2017,Anaheim Ducks - Calgary Flames ,1.99,3.28
2017,Chicago Blackhawks - Nashville Predators ,1.95,3.33
2017,Washington Capitals - Toronto Maple Leafs ,1.65,4.34
2017,Edmonton Oilers - San Jose Sharks ,2.12,3.05
2017,Minnesota Wild - St. Louis Blues ,1.98,3.31
2017,Pittsburgh Penguins - Columbus Blue Jackets ,2,3.18
2017,Montreal Canadiens - New York Rangers ,2.1,3.1
2017,Ottawa Senators - Boston Bruins ,2.77,2.29
2018,Vegas Golden Knights - Washington Capitals ,2.05,3.07
2018,Washington Capitals - Vegas Golden Knights ,2.23,2.8
2018,Washington Capitals - Vegas Golden Knights ,2.24,2.75
2018,Vegas Golden Knights - Washington Capitals ,2.12,2.92
2018,Vegas Golden Knights - Washington Capitals ,2.08,3.08
2018,Tampa Bay Lightning - Washington Capitals ,2.2,2.81
2018,Washington Capitals - Tampa Bay Lightning ,2.24,2.74
2018,Winnipeg Jets - Vegas Golden Knights ,1.96,3.24
2018,Tampa Bay Lightning - Washington Capitals ,2.03,3.09
2018,Vegas Golden Knights - Winnipeg Jets ,2.37,2.61
2018,Washington Capitals - Tampa Bay Lightning ,2.3,2.67
2018,Vegas Golden Knights - Winnipeg Jets ,2.23,2.76
2018,Washington Capitals - Tampa Bay Lightning ,2.35,2.57
2018,Winnipeg Jets - Vegas Golden Knights ,2.03,3.04
2018,Tampa Bay Lightning - Washington Capitals ,1.84,3.48
2018,Winnipeg Jets - Vegas Golden Knights ,2.08,2.97
2018,Tampa Bay Lightning - Washington Capitals ,1.88,3.39
2018,Nashville Predators - Winnipeg Jets ,2.08,3.03
2018,Winnipeg Jets - Nashville Predators ,2.07,2.96
2018,Pittsburgh Penguins - Washington Capitals ,1.83,3.56
2018,San Jose Sharks - Vegas Golden Knights ,2.12,2.95
2018,Tampa Bay Lightning - Boston Bruins ,1.97,3.19
2018,Nashville Predators - Winnipeg Jets ,2.08,2.97
2018,Washington Capitals - Pittsburgh Penguins ,2.33,2.62
2018,Vegas Golden Knights - San Jose Sharks ,2.06,3.02
2018,Boston Bruins - Tampa Bay Lightning ,2.09,2.97
2018,Winnipeg Jets - Nashville Predators ,2.13,2.81
2018,Pittsburgh Penguins - Washington Capitals ,1.89,3.34
2018,San Jose Sharks - Vegas Golden Knights ,2.15,2.88
2018,Boston Bruins - Tampa Bay Lightning ,2.09,2.91
2018,Winnipeg Jets - Nashville Predators ,2.11,2.87
2018,Pittsburgh Penguins - Washington Capitals ,1.99,3.13
2018,San Jose Sharks - Vegas Golden Knights ,2.26,2.74
2018,Tampa Bay Lightning - Boston Bruins ,2.02,3.04
2018,Nashville Predators - Winnipeg Jets ,1.85,3.56
2018,Washington Capitals - Pittsburgh Penguins ,2.18,2.82
2018,Vegas Golden Knights - San Jose Sharks ,1.88,3.49
2018,Tampa Bay Lightning - Boston Bruins ,2.04,3.05
2018,Nashville Predators - Winnipeg Jets ,2.04,3.07
2018,Vegas Golden Knights - San Jose Sharks ,2.1,3.01
2018,Washington Capitals - Pittsburgh Penguins ,2.3,2.63
2018,Boston Bruins - Toronto Maple Leafs ,1.96,3.26
2018,Columbus Blue Jackets - Washington Capitals ,2.41,2.54
2018,Toronto Maple Leafs - Boston Bruins ,2.62,2.31
2018,Colorado Avalanche - Nashville Predators ,3.37,1.88
2018,Philadelphia Flyers - Pittsburgh Penguins ,3.19,2
2018,Boston Bruins - Toronto Maple Leafs ,1.84,3.5
2018,Tampa Bay Lightning - New Jersey Devils ,1.63,4.24
2018,Washington Capitals - Columbus Blue Jackets ,1.97,3.2
2018,Nashville Predators - Colorado Avalanche ,1.48,5.29
2018,Winnipeg Jets - Minnesota Wild ,1.71,4
2018,Pittsburgh Penguins - Philadelphia Flyers ,1.58,4.59
2018,Columbus Blue Jackets - Washington Capitals ,2.31,2.63
2018,Toronto Maple Leafs - Boston Bruins ,2.6,2.33
2018,San Jose Sharks - Anaheim Ducks ,1.88,3.54
2018,Colorado Avalanche - Nashville Predators ,3.14,1.98
2018,New Jersey Devils - Tampa Bay Lightning ,2.81,2.15
2018,Philadelphia Flyers - Pittsburgh Penguins ,2.99,2.06
2018,Los Angeles Kings - Vegas Golden Knights ,2.27,2.74
2018,Minnesota Wild - Winnipeg Jets ,2.55,2.41
2018,Columbus Blue Jackets - Washington Capitals ,2.41,2.49
2018,San Jose Sharks - Anaheim Ducks ,2.14,2.99
2018,Colorado Avalanche - Nashville Predators ,3.18,1.99
2018,New Jersey Devils - Tampa Bay Lightning ,2.84,2.15
2018,Toronto Maple Leafs - Boston Bruins ,2.47,2.46
2018,Los Angeles Kings - Vegas Golden Knights ,2.11,3.04
2018,Washington Capitals - Columbus Blue Jackets ,2.01,3.14
2018,Minnesota Wild - Winnipeg Jets ,2.59,2.38
2018,Philadelphia Flyers - Pittsburgh Penguins ,2.75,2.21
2018,Anaheim Ducks - San Jose Sharks ,2.14,2.97
2018,Boston Bruins - Toronto Maple Leafs ,1.97,3.23
2018,Nashville Predators - Colorado Avalanche ,1.54,4.87
2018,Tampa Bay Lightning - New Jersey Devils ,1.75,3.84
2018,Vegas Golden Knights - Los Angeles Kings ,2.04,3.15
2018,Winnipeg Jets - Minnesota Wild ,1.83,3.61
2018,Pittsburgh Penguins - Philadelphia Flyers ,1.75,3.81
2018,Anaheim Ducks - San Jose Sharks ,2.16,2.93
2018,Nashville Predators - Colorado Avalanche ,1.57,4.7
2018,Washington Capitals - Columbus Blue Jackets ,2.09,3
2018,Boston Bruins - Toronto Maple Leafs ,2.01,3.14
2018,Tampa Bay Lightning - New Jersey Devils ,1.73,3.84
2018,Vegas Golden Knights - Los Angeles Kings ,2.15,2.91
2018,Pittsburgh Penguins - Philadelphia Flyers ,1.86,3.44
2018,Winnipeg Jets - Minnesota Wild ,1.87,3.45
2019,Boston Bruins - St. Louis Blues ,1.9,3.58
2019,St. Louis Blues - Boston Bruins ,2.38,2.61
2019,Boston Bruins - St. Louis Blues ,2.06,3.12
2019,St. Louis Blues - Boston Bruins ,2.43,2.56
2019,St. Louis Blues - Boston Bruins ,2.36,2.64
2019,Boston Bruins - St. Louis Blues ,1.9,3.43
2019,Boston Bruins - St. Louis Blues ,1.98,3.28
2019,St. Louis Blues - San Jose Sharks ,1.85,3.59
2019,San Jose Sharks - St. Louis Blues ,2.15,2.88
2019,St. Louis Blues - San Jose Sharks ,2.16,2.87
2019,Carolina Hurricanes - Boston Bruins ,2.58,2.4
2019,St. Louis Blues - San Jose Sharks ,2.14,2.92
2019,Carolina Hurricanes - Boston Bruins ,2.33,2.66
2019,San Jose Sharks - St. Louis Blues ,2.14,2.95
2019,Boston Bruins - Carolina Hurricanes ,2.03,3.18
2019,San Jose Sharks - St. Louis Blues ,2.23,2.8
2019,Boston Bruins - Carolina Hurricanes ,2.07,3.11
2019,San Jose Sharks - Colorado Avalanche ,2.11,2.99
2019,St. Louis Blues - Dallas Stars ,2.05,3.18
2019,Colorado Avalanche - San Jose Sharks ,2.26,2.71
2019,Columbus Blue Jackets - Boston Bruins ,2.28,2.73
2019,Dallas Stars - St. Louis Blues ,2.25,2.81
2019,San Jose Sharks - Colorado Avalanche ,2.13,2.94
2019,Boston Bruins - Columbus Blue Jackets ,2.13,2.99
2019,St. Louis Blues - Dallas Stars ,2.08,3.09
2019,Carolina Hurricanes - New York Islanders ,2.16,2.97
2019,Colorado Avalanche - San Jose Sharks ,2.23,2.73
2019,Columbus Blue Jackets - Boston Bruins ,2.33,2.67
2019,Dallas Stars - St. Louis Blues ,2.33,2.72
2019,Carolina Hurricanes - New York Islanders ,2.28,2.8
2019,Colorado Avalanche - San Jose Sharks ,2.23,2.71
2019,Columbus Blue Jackets - Boston Bruins ,2.33,2.66
2019,Dallas Stars - St. Louis Blues ,2.36,2.69
2019,San Jose Sharks - Colorado Avalanche ,2.04,3.06
2019,New York Islanders - Carolina Hurricanes ,2.11,3.07
2019,Boston Bruins - Columbus Blue Jackets ,2.15,2.92
2019,St. Louis Blues - Dallas Stars ,2.11,3.09
2019,San Jose Sharks - Colorado Avalanche ,2.16,2.83
2019,New York Islanders - Carolina Hurricanes ,2.15,2.99
2019,St. Louis Blues - Dallas Stars ,2.05,3.21
2019,Boston Bruins - Columbus Blue Jackets ,2.09,2.99
2019,Washington Capitals - Carolina Hurricanes ,2.05,3.09
2019,San Jose Sharks - Vegas Golden Knights ,2.39,2.54
2019,Boston Bruins - Toronto Maple Leafs ,2.12,2.95
2019,Dallas Stars - Nashville Predators ,2.18,2.95
2019,Carolina Hurricanes - Washington Capitals ,2.33,2.63
2019,Vegas Golden Knights - San Jose Sharks ,1.87,3.41
2019,Toronto Maple Leafs - Boston Bruins ,2.23,2.76
2019,Washington Capitals - Carolina Hurricanes ,2.1,2.99
2019,St. Louis Blues - Winnipeg Jets ,2.08,3.03
2019,Nashville Predators - Dallas Stars ,2.08,3.17
2019,Calgary Flames - Colorado Avalanche ,1.93,3.35
2019,Boston Bruins - Toronto Maple Leafs ,2.09,2.97
2019,San Jose Sharks - Vegas Golden Knights ,2.39,2.53
2019,Winnipeg Jets - St. Louis Blues ,2.31,2.71
2019,Carolina Hurricanes - Washington Capitals ,2.29,2.66
2019,Colorado Avalanche - Calgary Flames ,2.47,2.45
2019,Dallas Stars - Nashville Predators ,2.35,2.7
2019,Toronto Maple Leafs - Boston Bruins ,2.32,2.63
2019,Vegas Golden Knights - San Jose Sharks ,1.94,3.25
2019,St. Louis Blues - Winnipeg Jets ,2.05,3.12
2019,Pittsburgh Penguins - New York Islanders ,1.98,3.25
2019,Columbus Blue Jackets - Tampa Bay Lightning ,2.81,2.17
2019,Colorado Avalanche - Calgary Flames ,2.58,2.36
2019,Dallas Stars - Nashville Predators ,2.35,2.71
2019,Carolina Hurricanes - Washington Capitals ,2.26,2.72
2019,Toronto Maple Leafs - Boston Bruins ,2.32,2.64
2019,Vegas Golden Knights - San Jose Sharks ,2.02,3.08
2019,St. Louis Blues - Winnipeg Jets ,2,3.24
2019,Columbus Blue Jackets - Tampa Bay Lightning ,2.89,2.12
2019,Pittsburgh Penguins - New York Islanders ,1.89,3.55
2019,Calgary Flames - Colorado Avalanche ,1.75,3.93
2019,Boston Bruins - Toronto Maple Leafs ,2.1,2.98
2019,Nashville Predators - Dallas Stars ,2.03,3.26
2019,Washington Capitals - Carolina Hurricanes ,2.01,3.18
2019,San Jose Sharks - Vegas Golden Knights ,2.18,2.82
2019,Winnipeg Jets - St. Louis Blues ,2.29,2.72
2019,New York Islanders - Pittsburgh Penguins ,2.73,2.28
2019,Tampa Bay Lightning - Columbus Blue Jackets ,1.59,4.54
2019,Calgary Flames - Colorado Avalanche ,1.78,3.78
2019,Washington Capitals - Carolina Hurricanes ,2.02,3.12
2019,Boston Bruins - Toronto Maple Leafs ,2.11,2.96
2019,San Jose Sharks - Vegas Golden Knights ,2.22,2.76
2019,Nashville Predators - Dallas Stars ,2.05,3.19
2019,Winnipeg Jets - St. Louis Blues ,2.35,2.62
2019,New York Islanders - Pittsburgh Penguins ,2.45,2.5
2019,Tampa Bay Lightning - Columbus Blue Jackets ,1.66,4.22
